night,ext_r,hours_phot,hours_nonphot
20030101,0.241:,8.53,2.95
20030102,0.215:,6.12,5.51
20030103,0.106,11.39,0.0
20030104,0.106,10.4,1.01
20030105,0.116,8.65,0.0
20030106,0.115,11.02,0.28
20030107,0.117,10.66,0.74
20030108,,0.0,0.0
20030109,0.255:,9.04,0.32
20030110,,4.29,4.45
20030111,,0.0,0.0
20030112,,0.0,0.0
20030113,,0.0,0.0
20030114,,0.0,0.0
20030115,,0.0,0.0
20030116,0.085,11.21,0.0
20030117,0.085,11.36,0.0
20030118,,0.0,1.19
20030119,0.106:,4.86,6.45
20030120,0.107,11.21,0.0
20030121,0.105:,5.93,3.6
20030122,0.119,11.22,0.0
20030123,0.094,11.07,0.0
20030124,0.270:,11.05,0.0
20030125,0.525:,3.51,7.39
20030126,0.099:,7.67,3.57
20030127,,0.0,11.04
20030128,0.091,10.5,0.28
20030129,,0.0,0.0
20030130,,0.0,0.77
20030131,,0.0,0.0
20030201,,0.0,0.0
20030202,,0.0,0.0
20030203,,0.0,0.0
20030204,,0.0,0.0
20030205,0.089,3.77,0.9
20030206,0.079,5.46,2.37
20030207,,0.0,0.0
20030208,0.108,5.71,0.62
20030209,0.092,10.67,0.0
20030210,0.091,10.59,0.0
20030211,0.091,10.59,0.0
20030212,0.310:,7.6,2.95
20030213,0.107,4.67,0.0
20030214,0.094,6.73,0.28
20030215,0.093,10.35,0.0
20030216,0.097,10.35,0.31
20030217,0.104,10.21,0.43
20030218,0.119:,5.79,0.58
20030219,,0.0,0.0
20030220,0.118:,3.43,0.0
20030221,0.100,9.96,0.0
20030222,0.115,7.35,2.95
20030223,,0.0,0.0
20030224,,1.29,1.63
20030225,0.094,7.74,0.27
20030226,0.096,9.04,0.86
20030227,0.097,9.75,0.28
20030228,0.092,9.75,0.38
20030301,0.122,9.05,1.28
20030302,0.095,9.97,0.0
20030303,0.095,9.77,0.27
20030304,0.119,6.37,3.83
20030305,0.082,6.42,3.74
20030306,0.088:,2.17,7.97
20030307,,0.28,9.82
20030308,0.101,9.95,0.0
20030309,0.092,8.64,1.33
20030310,0.123,8.52,1.36
20030311,0.114,9.02,0.85
20030312,,0.0,0.0
20030313,,1.29,8.52
20030314,,0.0,9.88
20030315,,0.0,0.0
20030316,0.115:,1.37,0.59
20030317,0.104,8.58,0.91
20030318,0.118,8.86,0.78
20030319,0.111,2.52,1.5
20030320,,0.0,0.0
20030321,,0.0,0.0
20030322,0.127:,4.67,4.79
20030323,,0.0,0.0
20030324,,0.0,1.87
20030325,,0.46,4.93
20030326,0.130,9.14,0.0
20030327,0.104,2.9,0.58
20030328,0.125,6.39,2.9
20030329,0.131:,2.82,6.58
20030330,0.319:,1.8,7.53
20030331,0.103:,7.36,1.86
20030401,0.392:,2.63,6.5
20030402,0.166:,4.95,4.3
20030403,0.197:,2.45,1.35
20030404,0.093,3.81,0.33
20030405,,0.0,0.0
20030406,,0.0,0.0
20030407,,0.0,0.0
20030408,0.094,4.76,0.0
20030409,0.076,8.85,0.28
20030410,0.089,9.13,0.0
20030411,0.091:,8.63,0.4
20030412,,0.0,0.0
20030413,0.075:,1.44,1.95
20030414,0.081,8.59,0.29
20030415,0.071,8.95,0.0
20030416,0.073,6.33,2.66
20030417,0.132,5.97,1.44
20030418,0.125:,2.18,6.6
20030419,0.092,5.34,0.42
20030420,,0.0,0.0
20030421,0.103,1.81,1.29
20030422,0.103,8.35,0.28
20030423,,1.5,7.24
20030424,0.115:,3.82,4.92
20030425,0.102,8.3,0.28
20030426,0.092,8.84,0.0
20030427,0.096,4.5,0.0
20030428,0.091,8.91,0.0
20030429,,0.0,0.0
20030430,,0.0,7.54
20030501,0.093,8.64,0.0
20030502,0.068,8.37,0.3
20030503,0.107:,2.86,5.74
20030504,,2.42,0.0
20030505,0.068,8.42,0.0
20030506,0.059,8.54,0.0
20030507,0.070,8.51,0.0
20030508,,2.97,5.55
20030509,0.161,7.85,0.45
20030510,0.084,8.38,0.0
20030511,0.062,8.17,0.0
20030512,0.078,8.39,0.0
20030513,0.063,8.25,0.0
20030514,0.083:,3.93,4.34
20030515,0.159,7.38,0.69
20030516,0.086,6.75,1.34
20030517,0.086,8.14,0.0
20030518,0.082,5.23,0.0
20030519,0.188:,7.98,0.29
20030520,0.092:,3.2,5.0
20030521,0.197,8.08,0.0
20030522,0.234,7.89,0.29
20030523,0.383,7.86,0.02
20030524,0.215,7.06,0.0
20030525,0.115,6.98,0.0
20030526,0.099,8.16,0.0
20030527,,0.33,6.74
20030528,0.134,6.69,0.66
20030529,0.103,7.3,0.29
20030530,0.100,7.51,0.48
20030531,0.111,5.14,2.99
20030601,0.088,8.04,0.0
20030602,0.097,5.73,2.43
20030603,0.116,8.1,0.0
20030604,0.102,8.15,0.0
20030605,0.092,8.18,0.0
20030606,0.096:,5.07,0.08
20030607,0.128,8.07,0.0
20030608,0.108,8.06,0.0
20030609,0.100,7.86,0.0
20030610,0.086,7.85,0.0
20030611,0.114:,3.12,4.65
20030612,0.101,7.5,0.37
20030613,0.095,7.27,0.53
20030614,0.097,7.59,0.0
20030615,0.079,7.66,0.0
20030616,0.089,7.56,0.29
20030617,0.084,7.87,0.0
20030618,0.087,7.84,0.0
20030619,0.083,7.89,0.0
20030620,,0.0,0.0
20030621,0.088,7.44,0.34
20030622,0.099,7.78,0.0
20030623,0.101,7.54,0.29
20030624,,0.92,6.94
20030625,0.110,7.59,0.0
20030626,0.107,7.55,0.0
20030627,0.085,7.82,0.0
20030628,0.086,7.25,0.38
20030629,0.332:,7.56,0.0
20030630,0.207:,2.74,4.9
20030701,,1.73,5.99
20030702,0.123,7.2,0.47
20030703,0.076,6.76,1.01
20030704,0.072,7.46,0.07
20030705,0.084,7.3,0.28
20030706,0.080,6.43,1.27
20030707,0.237,7.04,0.74
20030708,0.122,7.67,0.0
20030709,0.077,7.93,0.0
20030710,0.672:,3.68,4.21
20030711,,0.77,6.75
20030712,0.442:,2.0,5.58
20030713,0.100,6.99,0.47
20030714,0.084,7.25,0.51
20030715,0.097,7.16,0.37
20030716,0.089,7.32,0.7
20030717,0.266:,6.81,1.13
20030718,0.373:,4.53,3.31
20030719,0.959:,0.97,6.71
20030720,0.495:,5.13,2.62
20030721,0.422,5.89,2.06
20030722,0.430,7.5,0.55
20030723,0.323,7.42,0.59
20030724,0.254,7.82,0.29
20030725,0.100,7.35,0.81
20030726,0.121,7.63,0.38
20030727,0.109,7.77,0.29
20030728,0.088,8.17,0.0
20030729,0.094,8.25,0.0
20030730,0.102,8.22,0.0
20030731,,0.0,0.0
20030801,0.132,8.27,0.0
20030802,0.195,8.13,0.0
20030803,0.128,8.11,0.0
20030804,0.110,8.33,0.0
20030805,0.104,8.31,0.0
20030806,0.330,7.94,0.28
20030807,0.308,8.11,0.2
20030808,0.256,7.78,0.6
20030809,0.103,8.15,0.06
20030810,,0.0,0.0
20030811,,0.0,0.0
20030812,,0.0,0.0
20030813,,0.0,0.0
20030814,,0.0,0.0
20030815,,0.0,0.0
20030816,,0.0,0.0
20030817,,0.0,0.0
20030818,,0.0,0.0
20030819,,0.0,7.87
20030820,0.093,8.94,0.0
20030821,0.080,8.72,0.01
20030822,0.098,8.12,0.61
20030823,0.100,7.16,1.35
20030824,0.103,8.25,0.62
20030825,0.086,8.93,0.0
20030826,0.096,8.7,0.29
20030827,0.091,7.45,0.88
20030828,0.085,9.13,0.0
20030829,0.080,9.02,0.0
20030830,0.092,8.32,0.63
20030831,,0.67,8.41
20030901,0.300,4.73,4.4
20030902,0.570:,3.03,6.19
20030903,0.384:,8.97,0.3
20030904,0.083,9.28,0.0
20030905,0.075,9.33,0.0
20030906,0.089,9.2,0.0
20030907,0.084,9.25,0.0
20030908,0.341:,3.27,5.77
20030909,0.268:,3.52,5.87
20030910,,0.0,9.3
20030911,0.202:,2.86,6.63
20030912,0.124:,2.91,6.49
20030913,0.275:,9.44,0.0
20030914,0.163,9.47,0.0
20030915,0.105,9.48,0.0
20030916,0.090,9.48,0.0
20030917,0.102,9.17,0.43
20030918,0.109,9.12,0.5
20030919,0.090,8.92,0.44
20030920,0.115,5.12,4.34
20030921,0.103,7.02,2.78
20030922,0.098:,6.76,2.69
20030923,0.097,9.61,0.0
20030924,0.178:,6.09,3.58
20030925,0.230:,9.37,0.1
20030926,0.162,9.67,0.0
20030927,0.116,8.77,0.94
20030928,0.137,9.33,0.42
20030929,0.234:,10.04,0.0
20030930,0.213:,2.46,4.91
20031001,0.317:,1.75,8.23
20031002,,0.54,0.32
20031003,,0.27,7.17
20031004,,0.0,0.0
20031005,,0.0,0.0
20031006,,0.0,0.0
20031007,,0.0,0.07
20031008,0.096,8.3,1.54
20031009,,0.0,7.06
20031010,,0.72,0.09
20031011,0.074:,4.94,5.32
20031012,0.094,9.96,0.14
20031013,0.109:,4.79,5.51
20031014,0.121,5.83,4.4
20031015,0.088,10.34,0.0
20031016,0.095,7.89,0.04
20031017,0.092,8.57,1.73
20031018,0.093,10.45,0.0
20031019,0.095,9.97,0.28
20031020,,0.0,0.0
20031021,,0.0,0.0
20031022,,0.0,0.0
20031023,,0.0,0.0
20031024,,0.41,0.09
20031025,,0.98,0.0
20031026,,0.0,7.9
20031027,,0.0,5.68
20031028,0.135:,4.95,5.43
20031029,,0.29,10.34
20031030,0.084,10.64,0.0
20031031,0.083,3.35,0.0
20031101,0.082,10.31,0.29
20031102,0.083,1.49,0.93
20031103,0.098,9.88,0.13
20031104,0.088,10.56,0.28
20031105,,0.0,0.0
20031106,,0.0,0.0
20031107,0.075:,4.95,5.94
20031108,0.080,11.07,0.0
20031109,0.084,7.71,0.31
20031110,0.079,10.61,0.27
20031111,0.073,10.92,0.0
20031112,0.075,10.96,0.0
20031113,0.073,10.81,0.0
20031114,0.090,6.02,4.91
20031115,0.074,10.67,0.28
20031116,0.080,10.85,0.0
20031117,0.083,11.03,0.0
20031118,0.080,11.07,0.0
20031119,,0.0,0.0
20031120,,0.0,0.0
20031121,,0.0,0.0
20031122,,0.0,0.0
20031123,,0.0,0.0
20031124,,2.01,0.54
20031125,0.083,11.19,0.0
20031126,0.101,8.47,2.91
20031127,0.089,11.46,0.0
20031128,0.097,11.64,0.0
20031129,0.084,11.62,0.0
20031130,0.087,11.54,0.0
20031201,,0.0,0.0
20031202,0.124:,2.85,0.0
20031203,0.085,8.81,0.0
20031204,,0.0,0.0
20031205,0.079,5.17,0.0
20031206,0.084,6.32,5.34
20031207,0.074,10.61,0.0
20031208,0.125,8.13,3.53
20031209,,0.74,1.47
20031210,,0.32,11.19
20031211,,2.33,9.36
20031212,0.116,9.36,0.08
20031213,0.082,6.56,5.18
20031214,0.080,11.71,0.0
20031215,0.086,11.63,0.0
20031216,0.081,11.82,0.0
20031217,0.086,11.1,0.52
20031218,,0.0,11.55
20031219,,0.0,10.8
20031220,,0.73,6.06
20031221,,3.2,8.12
20031221,0.159:,3.2,8.12
20031222,,3.1,7.84
20031222,0.186:,3.1,7.84
20031223,,0.0,0.0
20031224,,0.57,8.7
20031225,,0.0,11.51
20031226,,0.0,9.56
20031227,0.124,7.92,3.83
20031228,0.069,11.59,0.0
20031229,0.152:,11.51,0.0
20031230,0.252:,3.45,8.11
20031231,0.073,8.75,0.15
20040101,,0.73,3.53
20040102,0.083,7.59,0.0
20040103,0.077,9.17,0.07
20040104,0.109,7.01,2.08
20040105,,0.0,0.0
20040106,,0.27,0.61
20040107,0.081,8.46,0.6
20040108,0.103,2.7,0.03
20040109,,2.69,8.86
20040110,0.108:,4.61,6.66
20040111,,0.0,0.0
20040112,0.081,11.28,0.0
20040113,0.077,8.93,0.07
20040114,0.083,7.95,0.97
20040115,0.083,8.14,0.95
20040116,0.067:,6.5,2.65
20040117,0.093,11.15,0.0
20040118,0.075,11.21,0.0
20040119,0.124:,4.57,6.65
20040120,0.098,9.68,1.39
20040121,0.095,6.22,5.05
20040122,0.078,8.86,0.09
20040123,0.067,10.89,0.0
20040124,0.071,10.87,0.0
20040125,0.077,11.24,0.0
20040126,0.076,11.14,0.0
20040127,0.101:,4.55,6.65
20040128,0.092:,4.84,0.0
20040129,0.074,5.79,0.27
20040130,0.102,5.75,5.22
20040131,,0.0,11.12
20040201,0.080,11.11,0.0
20040202,0.072,11.13,0.0
20040203,0.070,9.62,1.34
20040204,0.220:,9.0,1.94
20040205,0.109:,2.85,8.12
20040206,0.088:,4.37,6.65
20040207,,0.0,10.97
20040208,0.171:,1.77,8.59
20040209,0.128:,4.53,6.0
20040210,0.098,10.92,0.0
20040211,0.133,10.57,0.0
20040212,0.095,8.5,2.04
20040213,0.183,10.3,0.29
20040214,0.147,8.69,1.88
20040215,0.106:,2.21,8.26
20040216,0.212:,5.53,5.04
20040217,0.170,10.55,0.0
20040218,,0.0,8.66
20040219,,0.0,0.0
20040220,,0.0,0.0
20040221,,0.0,0.0
20040222,,0.0,0.0
20040223,,0.0,0.0
20040224,,0.0,0.0
20040225,,0.0,0.0
20040226,,0.72,5.51
20040227,,0.0,0.0
20040228,0.089,7.85,0.0
20040229,0.097,7.29,1.97
20040301,0.098,8.66,0.29
20040302,0.088,9.83,0.0
20040303,0.091,8.91,0.94
20040304,0.168:,1.36,8.65
20040305,0.114,7.44,2.5
20040306,0.124:,3.08,6.67
20040307,0.116:,3.25,6.67
20040308,0.127,6.6,3.13
20040309,0.119,9.64,0.0
20040310,0.100,9.91,0.0
20040311,0.144:,4.45,5.41
20040312,0.096,5.62,0.34
20040313,0.091,7.4,2.63
20040314,0.097,9.93,0.0
20040315,0.100,9.92,0.0
20040316,0.100,10.12,0.0
20040317,0.100,9.87,0.0
20040318,0.112,7.42,0.06
20040319,0.096,7.47,0.11
20040320,0.106,7.47,0.34
20040321,0.109,9.86,0.0
20040322,0.359:,5.52,1.66
20040323,0.557,7.14,2.68
20040324,0.106,8.26,0.0
20040325,0.100:,2.58,0.65
20040326,,0.0,0.0
20040327,,0.0,0.0
20040328,,0.0,0.0
20040329,,0.0,0.0
20040330,,0.0,0.0
20040331,0.118,7.82,0.0
20040401,,0.0,0.0
20040402,0.158,5.19,4.37
20040403,0.108,7.15,2.38
20040404,,2.17,7.37
20040405,0.134,8.04,1.28
20040406,0.107,6.88,2.61
20040407,0.120,9.46,0.0
20040408,,0.0,0.0
20040409,,0.0,0.0
20040410,,0.0,0.0
20040411,,0.0,0.0
20040412,,0.26,0.17
20040413,,0.0,0.03
20040414,,0.0,0.0
20040415,,0.0,0.0
20040416,,0.0,0.0
20040417,,0.0,0.0
20040418,0.092,8.2,0.68
20040419,0.098,7.72,0.72
20040420,0.089,8.35,0.46
20040421,0.098,7.81,0.65
20040422,0.106,5.46,3.04
20040423,0.092,8.13,0.67
20040424,0.102,6.57,0.0
20040425,0.099,8.63,0.0
20040426,,1.0,0.0
20040427,,0.0,0.21
20040428,0.108,3.49,3.11
20040429,0.125,2.34,0.03
20040430,,0.0,0.0
20040501,,0.0,0.0
20040502,0.103,2.52,0.0
20040503,0.130,5.25,1.26
20040504,0.132,3.76,0.28
20040505,,1.29,4.12
20040506,0.112,6.17,0.61
20040507,,0.0,0.0
20040508,0.127:,0.53,0.0
20040509,0.110,3.21,0.15
20040510,0.095,3.48,0.0
20040511,0.090,3.26,1.11
20040512,,0.0,0.0
20040513,0.107,7.37,0.57
20040514,0.108,2.62,0.18
20040515,0.115,8.07,0.0
20040516,0.112,7.89,0.0
20040517,0.103,7.87,0.0
20040518,0.087:,3.41,3.87
20040519,0.091,3.41,0.0
20040520,0.169:,2.05,5.78
20040521,,0.0,0.0
20040522,,0.0,0.0
20040523,0.142:,1.44,2.51
20040524,0.172:,6.16,1.95
20040525,0.106,7.85,0.0
20040526,0.085,7.83,0.0
20040527,0.096,8.0,0.0
20040528,0.094,7.89,0.0
20040529,0.136,6.87,1.16
20040530,0.119,7.84,0.0
20040531,0.094,8.13,0.0
20040601,0.095,2.86,0.0
20040602,0.089,7.33,0.41
20040603,0.286,5.02,2.5
20040604,0.400,4.88,3.1
20040605,,0.0,0.0
20040606,,0.0,0.0
20040607,,0.0,0.0
20040608,,0.0,0.0
20040609,,0.0,0.0
20040610,0.103,7.72,0.0
20040611,0.110,7.29,0.33
20040612,,0.0,0.0
20040613,,0.0,0.0
20040614,0.123,6.91,0.37
20040615,0.105,7.38,0.29
20040616,,0.0,0.0
20040617,0.087,6.97,0.28
20040618,0.101,8.07,0.0
20040619,0.097,7.43,0.36
20040620,,0.0,0.0
20040621,0.105,7.73,0.0
20040622,0.097,7.17,0.34
20040623,,0.0,0.0
20040624,0.097,7.53,0.0
20040625,0.098,7.23,0.47
20040626,0.105,7.75,0.0
20040627,,0.0,0.0
20040628,,0.0,0.0
20040629,,0.0,0.0
20040630,,0.0,0.0
20040701,,0.0,0.0
20040702,,0.0,0.0
20040703,,0.0,0.0
20040704,,0.0,0.0
20040705,,0.0,0.0
20040706,,0.0,0.0
20040707,0.086,7.68,0.0
20040708,0.083,7.89,0.0
20040709,0.088,7.54,0.01
20040710,0.085,7.66,0.01
20040711,0.099,7.51,0.3
20040712,0.087,7.15,0.3
20040713,0.278,7.39,0.31
20040714,0.287,6.91,0.54
20040715,0.173,7.5,0.0
20040716,0.089,8.02,0.0
20040717,0.091,7.57,0.29
20040718,0.087,7.18,0.32
20040719,0.077,4.85,2.15
20040720,0.096,5.94,2.13
20040721,0.125,5.32,0.0
20040722,0.371,7.9,0.0
20040723,,0.0,0.0
20040724,,0.0,0.0
20040725,,0.0,0.0
20040726,,0.0,0.0
20040727,,0.0,0.0
20040728,0.293:,3.85,4.62
20040729,0.271,4.3,3.89
20040730,,4.65,3.88
20040731,,0.0,0.0
20040801,,0.0,0.0
20040802,,0.0,0.0
20040803,0.113:,2.34,6.23
20040804,0.114:,3.14,5.55
20040805,0.096,8.67,0.0
20040806,0.100,8.71,0.0
20040807,0.111,3.47,0.0
20040808,,0.0,0.0
20040809,0.098,6.13,0.33
20040810,0.105,4.02,0.0
20040811,0.105,4.07,0.0
20040812,0.097,4.09,0.0
20040813,0.094,4.0,0.0
20040814,0.274,4.04,0.0
20040815,0.572:,1.97,2.04
20040816,,0.0,0.0
20040817,0.097,3.99,0.0
20040818,0.094,5.94,0.07
20040819,0.095,6.23,0.0
20040820,0.115,3.5,0.0
20040821,0.097,3.58,0.0
20040822,0.088,5.15,0.0
20040823,0.099,4.37,0.0
20040824,,0.0,0.0
20040825,,1.88,0.0
20040826,,0.0,0.0
20040827,,0.0,3.66
20040828,,0.0,3.93
20040829,,0.0,3.48
20040830,,0.54,3.44
20040831,0.188:,2.0,2.12
20040901,0.111,4.19,0.0
20040902,,0.0,0.0
20040903,,0.0,0.0
20040904,0.110,3.76,0.64
20040905,0.213,2.87,1.24
20040906,0.239,2.17,1.94
20040907,0.135,4.29,0.0
20040908,0.122,4.76,0.0
20040909,0.132,4.35,0.3
20040910,0.423,4.87,0.0
20040911,0.231,4.68,0.0
20040912,0.174,5.21,0.0
20040913,0.131,9.8,0.0
20040914,0.103,5.29,0.0
20040915,0.111,3.56,0.0
20040916,0.117,3.89,0.01
20040917,0.115,2.81,0.0
20040918,,0.0,0.0
20040919,,0.0,0.0
20040920,0.147,5.19,0.0
20040921,0.233:,5.14,0.55
20040922,0.184,5.7,0.0
20040923,,2.38,3.41
20040924,,0.0,5.67
20040925,0.275:,4.78,1.04
20040926,0.149:,4.85,1.0
20040927,0.108:,5.5,0.63
20040928,0.105,6.17,0.0
20040929,0.200,6.43,0.0
20040930,,0.0,6.48
20041001,0.217,6.58,0.0
20041002,0.140,6.29,0.0
20041003,0.118,3.79,2.58
20041004,0.114,5.6,0.0
20041005,0.118,6.6,0.0
20041006,0.106,6.34,0.28
20041007,0.113,4.14,0.21
20041008,,0.0,2.29
20041009,0.116,6.49,0.0
20041010,,2.98,3.38
20041011,,0.0,6.8
20041012,,0.0,0.0
20041013,,0.0,0.0
20041014,,0.0,0.0
20041015,0.108,6.43,0.91
20041016,0.327:,3.59,3.81
20041017,,0.0,0.0
20041018,,0.0,1.73
20041019,,0.0,0.0
20041020,0.106,7.19,0.5
20041021,0.107,7.5,0.0
20041022,0.096,7.17,0.0
20041023,0.219,6.61,0.37
20041024,0.182,7.04,0.11
20041025,0.197:,4.08,3.29
20041026,0.208,5.01,2.48
20041027,,1.41,0.0
20041028,,0.0,0.0
20041029,,0.0,0.0
20041030,0.097,7.57,0.0
20041031,0.103,5.6,0.05
20041101,,0.0,0.06
20041102,0.250:,2.89,4.25
20041103,0.134,7.17,2.22
20041104,0.112,6.26,0.0
20041105,0.110,8.27,0.0
20041106,,0.0,0.0
20041107,,0.0,0.0
20041108,,0.0,0.0
20041109,,0.0,0.0
20041110,,0.0,0.0
20041111,,2.4,4.97
20041112,,0.0,0.25
20041113,,1.1,0.14
20041114,0.092,9.73,0.0
20041115,0.095,9.87,0.0
20041116,,0.31,3.5
20041117,,0.71,4.14
20041118,,0.31,8.24
20041119,,0.0,8.57
20041120,0.111,5.99,0.06
20041121,0.100,6.23,0.03
20041122,0.115,5.5,3.11
20041123,,0.88,3.79
20041124,,0.0,9.0
20041125,,0.0,9.07
20041126,,0.0,10.3
20041127,,0.0,9.2
20041128,,0.0,0.15
20041129,,0.0,0.0
20041130,,1.73,0.0
20041201,0.092,9.23,0.0
20041202,,0.0,0.0
20041203,,0.0,0.0
20041204,0.102,7.79,0.05
20041205,0.092,5.32,0.51
20041206,0.087,10.83,0.25
20041207,0.086,8.79,0.06
20041208,0.084,8.97,0.06
20041209,0.098,6.28,0.08
20041210,,0.73,0.0
20041211,0.103,4.71,0.12
20041212,,0.0,0.0
20041213,,0.0,0.0
20041214,,0.0,0.0
20041215,,0.0,0.0
20041216,,0.0,0.0
20041217,0.103,7.16,0.04
20041218,0.096,8.22,3.18
20041219,0.095,8.73,0.05
20041220,0.091,7.79,0.42
20041221,,0.0,0.0
20041222,,0.0,0.0
20041223,,0.0,0.0
20041224,0.099,3.04,0.0
20041225,0.088,3.78,0.61
20041226,,0.0,0.0
20041227,0.082:,1.49,2.23
20041228,0.091,8.45,0.05
20041229,0.092,8.53,0.05
20041230,0.088,8.84,0.05
20041231,0.094,9.84,0.12
20050101,0.088,8.71,0.06
20050102,0.089,11.34,0.0
20050103,0.095,8.82,0.06
20050104,0.086,8.85,0.06
20050105,0.082,7.04,1.58
20050106,0.114,6.89,2.23
20050107,0.108,8.86,0.05
20050108,0.102,11.38,0.0
20050109,0.110,8.68,0.08
20050110,0.096,11.28,0.0
20050111,0.094,8.86,0.0
20050112,0.086,10.88,0.28
20050113,0.084,11.32,0.0
20050114,0.088,11.07,0.0
20050115,0.109:,2.96,5.46
20050116,,0.0,0.0
20050117,,0.0,0.0
20050118,,0.0,0.0
20050119,,0.0,0.0
20050120,,0.0,0.0
20050121,,0.0,11.16
20050122,0.094,11.4,0.0
20050123,0.082,9.16,2.18
20050124,0.095,9.4,1.76
20050125,0.091,7.17,0.0
20050126,,0.0,0.0
20050127,,0.0,0.0
20050128,,0.0,0.0
20050129,,0.0,0.0
20050130,,0.0,0.0
20050131,,0.0,0.0
20050201,,0.0,0.0
20050202,,0.0,0.0
20050203,,0.0,0.0
20050204,,0.0,0.0
20050205,,0.0,0.0
20050206,,0.0,0.0
20050207,,0.0,0.0
20050208,,0.0,0.0
20050209,,0.0,0.0
20050210,,0.0,0.0
20050211,,0.0,0.0
20050212,,0.0,0.0
20050213,,0.0,0.0
20050214,,0.0,0.0
20050215,,0.0,0.0
20050216,,0.0,0.0
20050217,,0.0,0.0
20050218,,0.0,0.0
20050219,,0.0,0.0
20050220,,0.0,0.0
20050221,,0.0,0.0
20050222,,0.0,0.0
20050223,,0.0,0.0
20050224,,0.0,0.0
20050225,,0.0,0.0
20050226,,0.0,0.0
20050227,,0.0,0.0
20050228,,0.0,0.0
20050301,,0.0,0.0
20050302,,0.0,0.0
20050303,,0.0,0.0
20050304,,0.0,0.0
20050305,,0.0,0.0
20050306,,0.0,0.0
20050307,0.112:,3.57,6.72
20050308,0.213:,3.88,6.13
20050309,,2.97,6.23
20050310,,0.0,9.12
20050311,0.074,4.15,1.02
20050312,0.104:,2.63,0.0
20050313,,0.03,0.0
20050314,0.088,8.64,1.5
20050315,,1.47,8.37
20050316,,0.41,9.66
20050317,0.107:,7.29,2.54
20050318,,0.0,10.02
20050319,,0.28,9.77
20050320,0.080,10.01,0.0
20050321,0.112,3.73,0.14
20050322,0.093,5.02,3.98
20050323,0.081,6.58,2.54
20050324,0.069,0.96,0.0
20050325,0.070,9.82,0.0
20050326,0.082,9.52,0.0
20050327,0.095,9.23,0.47
20050328,0.098,9.66,0.0
20050329,0.076,9.32,0.37
20050330,,0.41,9.19
20050331,0.086:,3.4,4.31
20050401,0.060,9.6,0.0
20050402,0.072,4.73,0.0
20050403,0.090:,1.19,4.06
20050404,0.078,5.31,0.0
20050405,,2.47,0.0
20050406,0.077,4.17,0.0
20050407,0.078:,2.09,0.0
20050408,0.081,2.93,0.0
20050409,,0.51,1.29
20050410,0.148:,1.67,0.36
20050411,0.127:,4.17,0.01
20050412,,2.86,1.52
20050413,0.315:,4.36,0.0
20050414,0.087,3.96,0.0
20050415,,0.0,0.0
20050416,0.104,7.59,0.03
20050417,0.094,9.11,0.0
20050418,,0.0,0.0
20050419,0.094,8.56,0.21
20050420,0.101,5.52,3.0
20050421,,1.7,6.82
20050422,0.083,7.13,1.37
20050423,0.107:,2.39,6.24
20050424,0.144:,1.0,7.57
20050425,,0.45,8.22
20050426,0.101,7.89,0.44
20050427,0.107,5.05,3.45
20050428,0.089,8.24,0.41
20050429,0.092,8.79,0.0
20050430,0.085,2.85,0.0
20050501,0.070,8.71,0.0
20050502,0.097,8.66,0.0
20050503,0.344,8.07,0.39
20050504,0.287:,2.41,4.43
20050505,0.197,8.73,0.0
20050506,0.196,8.69,0.0
20050507,0.178,8.68,0.0
20050508,0.098,8.71,0.0
20050509,,0.0,8.51
20050510,0.098:,5.73,0.08
20050511,0.093,8.62,0.0
20050512,,0.0,8.59
20050513,,0.0,8.34
20050514,,0.0,8.55
20050515,,0.0,8.51
20050516,,0.0,8.5
20050517,0.099:,5.74,2.75
20050518,0.099,8.46,0.0
20050519,0.094:,2.67,5.59
20050520,,2.84,5.58
20050521,,1.55,6.4
20050522,0.122,5.48,2.51
20050523,,2.13,6.11
20050524,,2.4,5.81
20050525,,0.0,7.96
20050526,0.103,7.38,0.0
20050527,,1.24,6.77
20050528,0.095,8.26,0.0
20050529,0.094,5.42,2.61
20050530,0.090,8.19,0.0
20050531,0.098,7.93,0.08
20050601,0.089,8.21,0.0
20050602,0.085,8.2,0.0
20050603,0.084,8.17,0.0
20050604,0.084,8.17,0.0
20050605,0.090,8.16,0.0
20050606,0.168,7.03,0.0
20050607,0.161:,5.39,2.75
20050608,0.098,8.12,0.0
20050609,,2.63,5.48
20050610,0.085,8.11,0.0
20050611,0.090,8.1,0.0
20050612,0.089,8.09,0.0
20050613,0.095,8.09,0.0
20050614,0.087,8.1,0.0
20050615,0.084,7.86,0.0
20050616,0.092:,5.35,2.73
20050617,,0.06,7.74
20050618,0.253:,3.75,3.96
20050619,0.110,7.6,0.28
20050620,,2.65,5.22
20050621,,0.0,0.0
20050622,0.143,4.49,3.26
20050623,,0.33,7.41
20050624,,0.0,0.0
20050625,,0.52,6.91
20050626,0.092,7.98,0.0
20050627,0.083,7.75,0.0
20050628,0.074,7.89,0.0
20050629,0.076,8.11,0.0
20050630,0.080,8.11,0.0
20050701,0.078,8.14,0.0
20050702,0.085,8.12,0.0
20050703,0.084,8.14,0.0
20050704,0.087,8.15,0.0
20050705,0.099,7.95,0.0
20050706,0.078,8.17,0.0
20050707,0.076,8.07,0.0
20050708,0.076,8.02,0.0
20050709,0.075,8.21,0.0
20050710,0.070,8.12,0.0
20050711,0.081,8.23,0.0
20050712,0.210,8.25,0.0
20050713,0.220,8.06,0.0
20050714,0.094,8.3,0.0
20050715,0.172,8.25,0.0
20050716,0.198:,2.83,5.36
20050717,0.287,6.25,2.03
20050718,0.228,7.28,0.92
20050719,,2.39,5.86
20050720,,0.0,8.26
20050721,,1.75,6.5
20050722,0.231:,3.02,5.38
20050723,0.083,8.42,0.0
20050724,0.101,8.4,0.0
20050725,0.151,8.38,0.0
20050726,,0.0,0.0
20050727,,0.0,5.2
20050728,0.095:,0.68,0.04
20050729,,0.0,0.0
20050730,0.088,8.59,0.0
20050731,0.088,8.61,0.0
20050801,0.092,7.68,0.0
20050802,0.093,8.65,0.0
20050803,0.084,8.52,0.0
20050804,0.087,8.57,0.0
20050805,0.089,8.57,0.0
20050806,0.177,8.42,0.0
20050807,0.172,8.69,0.0
20050808,0.109,8.36,0.28
20050809,0.096,8.52,0.0
20050810,0.122,8.36,0.31
20050811,0.090,8.32,0.35
20050812,0.101,8.43,0.0
20050813,,0.0,8.43
20050814,0.091,8.81,0.0
20050815,0.088,8.94,0.0
20050816,0.087,8.91,0.0
20050817,,0.0,8.4
20050818,,0.0,0.0
20050819,,0.0,3.8
20050820,,0.0,0.0
20050821,,0.0,0.0
20050822,,0.0,0.0
20050823,,0.0,0.0
20050824,,0.0,0.0
20050825,,0.0,0.0
20050826,,0.0,0.0
20050827,,0.0,0.0
20050828,,0.0,0.0
20050829,0.370,8.72,0.38
20050830,0.467,5.71,3.28
20050831,0.459,8.55,0.54
20050901,0.538,6.63,2.4
20050902,0.498:,6.74,11.48
20050903,0.337,7.12,1.77
20050904,0.300,9.18,0.0
20050905,0.243,9.25,0.0
20050906,,0.0,0.0
20050907,,0.0,0.0
20050908,,0.0,0.0
20050909,,0.0,0.0
20050910,,0.0,0.0
20050911,,0.0,0.0
20050912,0.103,5.04,0.0
20050913,,0.71,0.0
20050914,0.105,9.76,0.0
20050915,0.111:,4.29,0.0
20050916,0.105,9.69,0.0
20050917,0.105,9.49,0.0
20050918,0.114,7.17,0.0
20050919,0.131,8.94,0.95
20050920,0.104,9.7,0.0
20050921,,1.9,7.84
20050922,0.109,9.82,0.05
20050923,0.120,9.99,0.0
20050924,0.104,9.98,0.0
20050925,0.102,9.96,0.0
20050926,0.114:,2.83,4.83
20050927,,0.29,9.59
20050928,0.143,7.97,2.07
20050929,0.211,9.4,0.0
20050930,,0.07,1.09
20051001,,0.0,0.05
20051002,0.125:,8.71,1.17
20051003,0.108,10.13,0.0
20051004,0.117,10.18,0.0
20051005,0.153,5.69,4.5
20051006,,0.0,8.43
20051007,,0.0,0.0
20051008,,0.0,0.0
20051009,,0.0,0.0
20051010,0.103,10.28,0.0
20051011,0.122:,3.01,7.23
20051012,,1.49,8.94
20051013,0.106,6.33,4.19
20051014,,0.0,0.0
20051015,,0.0,0.0
20051016,,0.0,0.0
20051017,,0.47,9.9
20051018,0.101,10.29,0.27
20051019,0.118,6.96,0.0
20051020,0.114,8.86,1.02
20051021,,0.0,0.0
20051022,0.111,3.48,0.04
20051023,0.104,10.27,0.29
20051024,0.099,10.06,0.56
20051025,0.105:,3.36,6.41
20051026,,0.0,2.12
20051027,0.103,7.03,0.0
20051028,0.101,10.51,0.12
20051029,,0.64,0.95
20051030,,0.0,6.59
20051031,0.177:,6.69,4.23
20051101,0.102,10.8,0.0
20051102,0.099,10.87,0.0
20051103,0.124:,4.99,5.02
20051104,0.103,10.58,0.0
20051105,0.127,8.82,2.12
20051106,0.105,11.0,0.0
20051107,0.157:,2.97,7.97
20051108,,0.0,10.92
20051109,0.212:,5.51,5.47
20051110,0.108,6.57,4.11
20051111,,0.92,0.84
20051112,0.105,2.54,0.0
20051113,,0.0,0.0
20051114,,0.0,0.0
20051115,,0.0,0.1
20051116,,1.33,5.63
20051117,0.124,8.65,1.85
20051118,0.110:,2.07,2.8
20051119,0.116:,0.9,1.63
20051120,0.102,10.62,0.0
20051121,,0.0,10.91
20051122,,0.92,0.87
20051123,,1.87,3.2
20051124,,0.4,10.76
20051125,0.191:,3.1,7.99
20051126,,0.0,10.78
20051127,,0.0,0.0
20051128,,0.0,0.0
20051129,,0.0,0.0
20051130,0.196:,3.07,5.34
20051201,0.118:,4.18,6.91
20051202,0.168:,1.91,8.96
20051203,0.114:,4.34,6.82
20051204,0.104,6.75,4.46
20051205,,0.0,0.15
20051206,0.112,7.72,0.04
20051207,0.109,9.32,1.59
20051208,0.105,10.94,0.0
20051209,0.138,9.34,1.71
20051210,0.116,7.72,3.35
20051211,,0.0,11.23
20051212,,0.0,11.2
20051213,0.107,11.25,0.0
20051214,0.098,8.42,0.19
20051215,,0.0,2.81
20051216,0.101:,1.85,1.11
20051217,,1.12,0.0
20051218,,0.19,6.76
20051219,,0.0,0.0
20051220,,0.0,0.0
20051221,0.107,3.79,0.0
20051222,,0.0,0.78
20051223,0.106,3.92,0.0
20051224,0.109,2.54,2.26
20051225,,0.0,2.47
20051226,0.101,7.68,3.91
20051227,,0.0,0.0
20051228,,0.0,0.0
20051229,0.095,11.61,0.0
20051230,0.199:,4.47,7.13
20051231,,2.0,9.53
20060101,0.094:,7.87,3.69
20060102,0.097,8.33,3.31
20060103,0.096,6.41,0.41
20060104,,0.0,0.0
20060105,0.097,6.16,0.0
20060106,0.095:,3.53,0.0
20060107,0.094,9.26,0.22
20060108,,0.0,0.0
20060109,,0.0,0.0
20060110,,0.0,0.0
20060111,,0.0,0.0
20060112,,0.0,0.0
20060113,,0.0,0.0
20060114,0.102,11.43,0.0
20060115,,0.64,0.0
20060116,,0.0,0.0
20060117,,0.0,0.0
20060118,,0.0,0.0
20060119,,0.0,0.0
20060120,,0.0,10.77
20060121,0.097,11.09,0.0
20060122,,0.0,11.49
20060123,,1.41,2.59
20060124,,0.0,0.0
20060125,,0.0,0.0
20060126,,0.0,0.0
20060127,,0.0,0.0
20060128,0.090,11.48,0.0
20060129,0.097,11.38,0.0
20060130,0.103,11.15,0.0
20060131,,0.0,11.31
20060201,,0.0,0.0
20060202,,0.0,0.0
20060203,,0.0,0.0
20060204,,0.0,0.0
20060205,0.094,11.32,0.0
20060206,,0.0,3.7
20060207,,0.0,0.0
20060208,,0.0,0.0
20060209,,0.0,0.0
20060210,,0.0,0.0
20060211,,0.0,0.0
20060212,,0.0,0.0
20060213,0.093:,5.58,5.54
20060214,,0.53,0.0
20060215,0.093,7.89,0.0
20060216,0.095,10.98,0.0
20060217,0.097,10.97,0.0
20060218,0.105:,2.27,4.77
20060219,0.096,6.36,4.36
20060220,0.096,10.81,0.0
20060221,0.091,10.61,0.0
20060222,0.086,10.76,0.0
20060223,0.097:,4.76,5.8
20060224,0.090,10.51,0.0
20060225,,0.19,0.0
20060226,0.131,5.69,5.0
20060227,,0.0,0.0
20060228,,0.0,0.0
20060301,,0.0,0.0
20060302,0.087,10.62,0.0
20060303,0.094,5.61,0.0
20060304,0.095,8.67,0.0
20060305,0.091,10.49,0.0
20060306,0.086,10.5,0.0
20060307,0.088,10.49,0.0
20060308,0.082,10.36,0.0
20060309,0.089,10.35,0.0
20060310,0.083,10.19,0.0
20060311,0.092,10.29,0.0
20060312,0.131,7.48,2.69
20060313,0.098,9.57,0.51
20060314,0.097,9.42,0.68
20060315,0.097,10.25,0.0
20060316,,0.0,0.0
20060317,,0.0,0.0
20060318,0.089,10.02,0.0
20060319,0.094,7.07,0.16
20060320,0.089,10.04,0.0
20060321,0.098:,3.13,6.75
20060322,0.090,9.54,0.29
20060323,0.103,6.59,3.03
20060324,0.087,7.71,1.97
20060325,0.135:,3.17,6.49
20060326,,0.0,9.63
20060327,0.090,7.6,1.97
20060328,0.081,9.56,0.0
20060329,,2.79,6.69
20060330,0.362,5.1,4.28
20060331,0.535:,3.33,6.17
20060401,0.262,9.38,0.0
20060402,,1.64,7.74
20060403,0.103,5.33,4.24
20060404,,0.0,9.59
20060405,0.082:,4.43,4.85
20060406,0.091,9.37,0.0
20060407,0.097,8.86,0.37
20060408,,1.41,0.37
20060409,0.105:,1.46,2.5
20060410,0.081,3.61,0.0
20060411,0.099:,4.48,4.82
20060412,,0.0,1.55
20060413,,0.0,0.0
20060414,0.089:,0.96,7.94
20060415,0.097,8.68,0.27
20060416,,0.0,8.97
20060417,0.105,8.97,0.0
20060418,0.130,5.34,0.91
20060419,0.136,8.63,0.0
20060420,0.133,8.83,0.0
20060421,,0.0,0.0
20060422,0.104,8.77,0.0
20060423,0.094,8.74,0.0
20060424,0.094,6.08,0.0
20060425,0.106,8.31,0.28
20060426,0.137,7.83,0.58
20060427,0.111,8.28,0.31
20060428,0.119,6.61,0.44
20060429,0.111,7.81,0.41
20060430,0.098,6.8,0.55
20060501,,0.0,0.59
20060502,0.084,1.36,0.28
20060503,0.105,7.73,0.57
20060504,,0.0,0.0
20060505,0.098,8.48,0.0
20060506,0.113,5.68,2.73
20060507,0.101,8.44,0.0
20060508,0.096:,3.57,4.58
20060509,,0.0,8.04
20060510,0.105,8.3,0.03
20060511,0.085,7.92,0.0
20060512,0.095,6.31,0.2
20060513,0.092,7.54,0.56
20060514,0.093,7.2,0.45
20060515,0.102,7.85,0.07
20060516,0.222:,6.52,1.42
20060517,0.101,6.93,0.42
20060518,0.088,7.62,0.28
20060519,0.087,7.5,0.05
20060520,0.096,7.24,0.41
20060521,0.087,7.72,0.11
20060522,0.077,7.39,0.1
20060523,0.085,7.83,0.0
20060524,0.080,8.08,0.0
20060525,0.074,7.93,0.1
20060526,0.085,8.1,0.0
20060527,0.122,7.81,0.0
20060528,0.136,7.56,0.15
20060529,0.124,7.71,0.0
20060530,0.116,7.91,0.0
20060531,0.085,7.61,0.18
20060601,0.095,7.64,0.26
20060602,0.083,5.35,2.59
20060603,0.094:,3.71,4.28
20060604,0.082,7.92,0.0
20060605,0.089,7.68,0.0
20060606,0.097,7.68,0.0
20060607,0.095,7.76,0.0
20060608,0.082,7.83,0.0
20060609,0.074,6.51,0.61
20060610,0.070,6.89,0.79
20060611,0.070,5.94,1.08
20060612,0.087,2.21,1.66
20060613,0.086,2.64,0.54
20060614,,0.0,0.0
20060615,0.081,7.89,0.0
20060616,0.099,7.8,0.0
20060617,0.094,7.36,0.47
20060618,0.087,7.82,0.0
20060619,0.081,7.74,0.0
20060620,,0.0,0.0
20060621,0.085,7.83,0.0
20060622,,0.0,0.0
20060623,0.087,7.77,0.0
20060624,0.082,7.37,0.36
20060625,0.076,6.38,1.14
20060626,0.085,7.44,0.31
20060627,0.099,7.17,0.01
20060628,0.081,7.5,0.0
20060629,0.085,6.74,0.44
20060630,0.192,7.09,0.0
20060701,0.100,7.22,0.29
20060702,0.098,7.66,0.0
20060703,0.099,7.71,0.0
20060704,0.100,6.49,0.5
20060705,0.080,7.8,0.0
20060706,0.085,7.51,0.0
20060707,0.081,7.59,0.0
20060708,0.139:,2.32,5.46
20060709,0.109,7.65,0.01
20060710,,0.43,7.27
20060711,0.285:,2.1,5.51
20060712,0.141,5.1,2.62
20060713,0.076,7.79,0.0
20060714,0.092,7.43,0.27
20060715,0.096,7.35,0.43
20060716,0.338:,0.91,6.94
20060717,0.214,7.14,0.8
20060718,0.084,7.86,0.0
20060719,0.074,7.99,0.0
20060720,0.265:,6.79,0.93
20060721,0.320:,8.02,0.0
20060722,0.605:,0.91,6.74
20060723,0.408,8.22,0.0
20060724,0.336,6.39,1.81
20060725,0.310,7.9,0.14
20060726,0.088,7.82,0.48
20060727,0.099,6.52,1.67
20060728,0.118,6.63,1.61
20060729,0.083,8.26,0.0
20060730,0.087,7.86,0.31
20060731,0.081,7.61,0.57
20060801,0.092,8.36,0.0
20060802,0.158,8.22,0.0
20060803,0.261,5.16,3.18
20060804,0.110,6.92,1.29
20060805,0.129,8.4,0.0
20060806,0.080,7.37,0.83
20060807,0.082,8.08,0.0
20060808,0.091,7.39,1.03
20060809,0.085,8.22,0.3
20060810,0.087,8.57,0.0
20060811,0.090,8.63,0.0
20060812,0.083,8.59,0.0
20060813,0.080,8.34,0.35
20060814,,0.28,8.1
20060815,0.459,4.41,4.19
20060816,,0.0,6.69
20060817,0.212,8.43,0.27
20060818,,0.0,0.0
20060819,0.086,8.0,0.56
20060820,0.080,8.08,0.6
20060821,0.075,8.25,0.29
20060822,0.072,8.42,0.27
20060823,0.083,8.46,0.27
20060824,0.134,8.64,0.27
20060825,0.162,8.49,0.27
20060826,0.129,8.65,0.27
20060827,0.243,7.29,1.71
20060828,0.724:,3.17,5.82
20060829,0.501:,5.05,3.96
20060830,0.301,8.59,0.27
20060831,0.099,8.5,0.58
20060901,0.114,8.35,0.6
20060902,0.229:,4.46,4.53
20060903,,0.0,7.94
20060904,,0.39,8.6
20060905,0.418:,1.99,7.16
20060906,0.281:,2.32,6.74
20060907,,0.0,8.72
20060908,0.113,9.3,0.0
20060909,,0.0,9.28
20060910,0.195,9.04,0.35
20060911,0.137,8.2,0.25
20060912,,0.0,0.0
20060913,0.098,9.47,0.0
20060914,0.087,9.23,0.32
20060915,0.091,9.5,0.0
20060916,0.087,8.21,1.28
20060917,,0.0,9.47
20060918,0.088,8.49,0.86
20060919,0.096,8.96,0.53
20060920,0.080,8.46,0.41
20060921,,0.77,0.0
20060922,0.078,8.43,0.45
20060923,0.092,6.14,0.65
20060924,0.095,9.4,0.33
20060925,0.097,7.95,1.79
20060926,0.083,9.47,0.37
20060927,0.145,9.39,0.5
20060928,0.270:,8.17,1.66
20060929,0.089,6.0,3.9
20060930,0.223,8.77,1.28
20061001,0.212,6.07,3.6
20061002,0.252:,3.25,6.34
20061003,0.183:,4.28,5.64
20061004,,1.69,8.1
20061005,,0.76,9.29
20061006,0.148,8.37,1.3
20061007,,0.0,10.06
20061008,0.127,7.38,2.45
20061009,0.159,6.96,3.12
20061010,0.146,10.15,0.0
20061011,0.094,9.52,0.64
20061012,0.098,9.29,0.68
20061013,0.095,9.58,0.28
20061014,0.089:,4.5,5.77
20061015,,1.06,0.19
20061016,,0.0,0.0
20061017,0.069,0.37,0.0
20061018,,0.0,0.0
20061019,0.100,4.43,0.47
20061020,0.129,5.72,4.69
20061021,0.103:,4.96,5.41
20061022,0.122,7.32,2.46
20061023,,0.0,0.0
20061024,,0.0,0.0
20061025,,0.0,0.0
20061026,0.081,4.15,0.13
20061027,0.087,4.04,0.75
20061028,,0.0,0.0
20061029,0.120,1.43,0.13
20061030,,0.0,9.08
20061031,,0.0,0.0
20061101,,0.0,0.0
20061102,,0.12,1.43
20061103,,0.0,0.0
20061104,0.135,7.16,3.77
20061105,,0.0,10.79
20061106,,0.0,7.53
20061107,,0.39,2.76
20061108,0.096:,4.85,5.06
20061109,0.100,10.27,0.5
20061110,0.097,10.75,0.0
20061111,,0.0,10.57
20061112,,0.0,8.7
20061113,0.210:,2.92,8.08
20061114,,0.0,5.61
20061115,,0.0,0.0
20061116,0.095,10.09,0.34
20061117,0.085,7.68,3.25
20061118,,0.03,2.69
20061119,,0.0,7.76
20061120,,0.0,9.69
20061121,,0.0,10.29
20061122,0.146,10.49,0.4
20061123,0.128,8.38,2.62
20061124,,0.0,0.0
20061125,0.103,7.86,0.24
20061126,0.158:,7.91,3.14
20061127,0.105,11.13,0.0
20061128,0.118:,10.49,0.61
20061129,0.101,11.07,0.0
20061130,0.098,10.94,0.0
20061201,,1.56,9.63
20061202,0.162:,5.07,6.12
20061203,0.185:,1.49,9.63
20061204,0.101,10.88,0.3
20061205,0.109,11.14,0.0
20061206,0.106,11.09,0.0
20061207,0.098,9.1,1.75
20061208,,0.28,1.54
20061209,,0.0,0.0
20061210,,0.0,0.0
20061211,,0.0,0.0
20061212,0.104,11.1,0.0
20061213,0.101,10.94,0.28
20061214,0.094,11.05,0.0
20061215,0.104,9.64,1.46
20061216,0.112:,1.74,9.37
20061217,0.193:,5.25,5.92
20061218,,0.0,8.63
20061219,,0.0,0.04
20061220,,0.0,0.0
20061221,0.129,10.83,0.28
20061222,0.104,11.05,0.0
20061223,0.111,6.93,4.31
20061224,0.116,10.3,0.69
20061225,0.152:,4.34,6.78
20061226,0.119,9.73,1.43
20061227,,0.0,11.08
20061228,0.095,8.27,0.2
20061229,0.091,10.93,0.04
20061230,0.097,11.18,0.0
20061231,0.093,11.18,0.0
20070101,0.087,9.05,0.65
20070102,0.090,11.22,0.0
20070103,0.159,7.57,3.58
20070104,0.108,7.41,3.79
20070105,,0.0,11.11
20070106,,0.0,11.22
20070107,,0.0,0.0
20070108,,0.95,10.16
20070109,0.110:,2.41,8.97
20070110,0.115,10.57,0.03
20070111,,0.0,2.28
20070112,,0.0,3.28
20070113,0.286:,11.14,0.0
20070114,0.110,8.57,2.52
20070115,0.121,7.18,3.96
20070116,0.160:,4.34,6.71
20070117,0.136,9.47,1.54
20070118,,1.24,9.65
20070119,0.129:,10.25,0.67
20070120,0.107,10.72,0.0
20070121,0.096,11.0,0.0
20070122,0.100,10.82,0.28
20070123,,1.03,9.7
20070124,,0.27,3.17
20070125,,0.0,0.0
20070126,,0.0,0.0
20070127,,0.0,0.0
20070128,,0.0,0.0
20070129,0.112,6.22,3.76
20070130,,0.39,0.05
20070131,,0.0,0.0
20070201,,0.0,0.0
20070202,0.090,9.94,0.46
20070203,0.092,7.81,2.65
20070204,,2.07,8.68
20070205,,0.0,0.0
20070206,0.134,5.58,3.89
20070207,0.095,7.12,0.38
20070208,0.093,7.96,0.05
20070209,0.084,7.71,0.4
20070210,0.082,10.51,0.27
20070211,0.145,5.44,5.28
20070212,0.085,7.97,0.34
20070213,0.109:,3.13,7.34
20070214,0.088,9.47,1.24
20070215,0.095,2.73,0.0
20070216,,0.36,10.04
20070217,0.094,7.91,2.52
20070218,0.087,8.14,2.15
20070219,,0.56,4.59
20070220,0.090,9.66,0.1
20070221,0.080,10.52,0.0
20070222,0.085,10.45,0.0
20070223,0.083,10.58,0.0
20070224,0.082,10.55,0.0
20070225,0.077,10.52,0.0
20070226,0.068,7.84,0.07
20070227,0.080,8.09,0.07
20070228,0.083,8.21,0.07
20070301,0.102,8.05,0.05
20070302,0.082,7.86,0.4
20070303,0.083,7.65,0.33
20070304,0.109:,8.94,1.43
20070305,0.088,7.86,0.05
20070306,0.091,10.15,0.0
20070307,0.081,7.79,0.05
20070308,0.094:,3.66,6.38
20070309,0.129:,4.05,6.06
20070310,0.086,10.22,0.0
20070311,,0.0,0.0
20070312,0.092,3.71,0.0
20070313,,0.0,0.0
20070314,,0.0,0.0
20070315,,0.0,0.0
20070316,,0.0,0.0
20070317,,0.0,0.0
20070318,,0.0,0.0
20070319,,0.0,0.0
20070320,,0.0,0.0
20070321,,0.0,0.0
20070322,,0.0,0.0
20070323,,0.0,0.0
20070324,,0.0,0.0
20070325,,0.0,0.0
20070326,,0.0,0.0
20070327,,0.0,0.0
20070328,,0.0,0.0
20070329,,0.0,0.0
20070330,,0.0,0.0
20070331,,0.0,0.0
20070401,,0.0,0.0
20070402,,0.0,0.0
20070403,,0.0,0.0
20070404,,0.0,0.0
20070405,,0.0,0.0
20070406,,0.0,0.0
20070407,,0.0,0.0
20070408,,0.0,0.0
20070409,,0.0,0.0
20070410,,0.0,0.0
20070411,,0.0,0.0
20070412,,0.0,0.0
20070413,,0.0,0.0
20070414,,0.0,0.0
20070415,,0.0,0.0
20070416,,0.0,0.0
20070417,,0.0,0.0
20070418,,0.0,0.0
20070419,,0.0,0.0
20070420,,0.0,0.0
20070421,,0.0,0.0
20070422,,0.0,0.0
20070423,,0.0,0.0
20070424,,0.0,0.0
20070425,,0.0,0.0
20070426,,0.0,0.0
20070427,,0.0,0.0
20070428,,0.0,0.0
20070429,,0.0,0.0
20070430,,0.0,0.0
20070501,,0.0,0.0
20070502,0.093,8.18,0.33
20070503,,1.65,6.98
20070504,0.104,5.27,3.35
20070505,,1.1,7.24
20070506,0.110:,3.68,4.43
20070507,0.160:,3.36,5.19
20070508,,0.42,7.08
20070509,0.155,8.42,0.0
20070510,0.131,8.46,0.0
20070511,0.099,7.4,0.05
20070512,0.119,7.79,0.58
20070513,0.105,4.43,1.55
20070514,,0.0,0.0
20070515,,0.0,0.0
20070516,,0.0,0.0
20070517,,0.0,0.0
20070518,,0.0,0.0
20070519,,0.0,0.0
20070520,,0.0,0.0
20070521,,0.0,0.0
20070522,,0.0,0.0
20070523,,0.0,0.0
20070524,,0.0,0.0
20070525,,0.0,0.0
20070526,,0.0,0.0
20070527,,0.0,0.0
20070528,,0.0,0.0
20070529,,0.0,0.0
20070530,,0.0,0.0
20070531,,0.0,0.0
20070601,,0.0,0.0
20070602,,0.0,0.0
20070603,,0.0,0.0
20070604,,0.0,0.0
20070605,,0.0,0.0
20070606,,0.0,0.0
20070607,,0.0,0.0
20070608,,0.0,0.0
20070609,,0.0,0.0
20070610,,0.0,0.0
20070611,,0.0,0.0
20070612,0.082,7.58,0.0
20070613,0.080:,3.87,3.98
20070614,0.085,7.93,0.0
20070615,0.082,7.71,0.0
20070616,,0.0,0.0
20070617,,0.0,0.0
20070618,0.083,7.9,0.0
20070619,0.104,7.86,0.0
20070620,0.116,7.84,0.0
20070621,0.095,7.44,0.2
20070622,,1.35,6.02
20070623,0.100,7.84,0.0
20070624,0.100,7.73,0.0
20070625,,0.0,0.0
20070626,,0.0,7.5
20070627,0.086,7.75,0.0
20070628,,0.0,7.59
20070629,0.090,6.65,0.8
20070630,0.079,7.21,0.28
20070701,,2.6,5.09
20070702,0.080,4.42,3.13
20070703,,2.15,5.33
20070704,,1.01,6.59
20070705,0.076,5.94,0.28
20070706,0.081,7.35,0.04
20070707,0.082:,1.35,5.89
20070708,,0.27,7.21
20070709,0.187:,7.63,0.0
20070710,0.347,7.22,0.39
20070711,0.084,7.15,0.55
20070712,0.086,6.6,1.26
20070713,0.088,7.92,0.0
20070714,0.110,7.91,0.0
20070715,0.272,8.01,0.0
20070716,0.437,8.04,0.0
20070717,,1.81,6.28
20070718,0.416,8.12,0.0
20070719,0.620:,2.22,5.86
20070720,0.347,6.59,1.51
20070721,0.094,8.1,0.0
20070722,0.081,8.25,0.0
20070723,0.091,8.25,0.0
20070724,0.108,7.97,0.0
20070725,0.093,8.21,0.0
20070726,0.206,8.0,0.0
20070727,0.489:,4.99,3.06
20070728,0.292:,1.27,6.98
20070729,,0.0,0.0
20070730,0.147:,2.63,5.72
20070731,,0.0,8.17
20070801,0.151:,8.13,0.28
20070802,0.092,8.14,0.0
20070803,0.152,5.75,0.68
20070804,0.268,5.24,3.28
20070805,0.097,8.28,0.0
20070806,0.086,6.69,0.0
20070807,0.094,8.67,0.0
20070808,0.086,8.52,0.0
20070809,0.087,8.67,0.0
20070810,0.083,1.54,0.23
20070811,0.106,6.96,0.08
20070812,0.086,8.61,0.0
20070813,0.099,8.62,0.0
20070814,0.147,8.76,0.0
20070815,0.191,8.01,0.7
20070816,0.094,3.45,0.04
20070817,,0.0,0.0
20070818,,0.0,0.0
20070819,,0.0,0.0
20070820,0.107,8.88,0.0
20070821,0.116,8.95,0.0
20070822,0.107,8.97,0.0
20070823,0.099,9.02,0.0
20070824,,0.0,0.0
20070825,,0.0,0.0
20070826,,0.0,0.0
20070827,,0.0,0.0
20070828,,1.43,7.45
20070829,0.199,6.47,2.63
20070830,0.142,9.18,0.0
20070831,0.129,9.25,0.0
20070901,0.092,9.31,0.0
20070902,0.175,6.07,2.86
20070903,0.142,9.37,0.0
20070904,0.103,8.79,0.0
20070905,0.092,8.95,0.35
20070906,0.094,9.16,0.0
20070907,0.092,8.79,0.28
20070908,0.086,9.01,0.29
20070909,0.112,9.25,0.29
20070910,0.089,8.86,0.67
20070911,0.096,9.08,0.29
20070912,0.106,9.13,0.39
20070913,0.095,9.0,0.42
20070914,0.092,9.6,0.0
20070915,0.108,6.37,3.4
20070916,0.092,9.81,0.0
20070917,0.095,9.76,0.0
20070918,0.094,9.51,0.0
20070919,0.092,9.77,0.0
20070920,,0.0,0.0
20070921,0.360:,4.83,4.18
20070922,,0.5,9.47
20070923,,1.07,7.8
20070924,0.092,10.03,0.0
20070925,0.090,8.74,0.11
20070926,0.095,3.87,0.11
20070927,0.090,10.01,0.0
20070928,0.091,9.67,0.32
20070929,0.089,9.87,0.0
20070930,0.089,9.97,0.0
20071001,,0.0,0.04
20071002,0.088,6.88,0.0
20071003,0.182:,4.14,5.93
20071004,0.127:,1.55,8.36
20071005,0.102,2.35,0.03
20071006,0.158:,1.12,8.8
20071007,0.090,9.79,0.0
20071008,0.089,10.06,0.0
20071009,0.090,10.17,0.0
20071010,,0.0,0.0
20071011,,0.0,0.0
20071012,,0.0,0.0
20071013,0.114,10.18,0.0
20071014,0.114,10.14,0.27
20071015,0.102,10.49,0.0
20071016,0.099,1.26,0.48
20071017,0.087,7.59,0.0
20071018,0.087,10.53,0.0
20071019,0.089,10.25,0.07
20071020,0.084,10.31,0.07
20071021,0.111,10.0,0.0
20071022,0.111,10.64,0.0
20071023,0.083,6.85,3.61
20071024,0.088,8.23,2.39
20071025,0.094:,4.98,5.68
20071026,0.092,8.35,0.19
20071027,,0.0,0.0
20071028,0.087,9.27,0.11
20071029,0.089,7.76,0.15
20071030,0.089,6.45,0.0
20071031,0.090,10.86,0.0
20071101,0.088,10.88,0.0
20071102,0.092,10.91,0.0
20071103,0.089,4.56,2.8
20071104,0.119,8.58,1.32
20071105,,0.0,0.0
20071106,,0.0,11.09
20071107,,0.0,11.02
20071108,,0.0,0.0
20071109,,0.0,11.17
20071110,,0.0,0.0
20071111,,0.0,0.0
20071112,,0.0,0.0
20071113,,0.0,0.0
20071114,,0.0,0.0
20071115,,0.0,0.0
20071116,,0.0,0.0
20071117,,0.0,0.0
20071118,,0.0,0.0
20071119,,0.0,0.0
20071120,,0.0,0.0
20071121,,0.0,0.0
20071122,,0.0,0.0
20071122,,0.0,0.0
20071123,,0.0,0.0
20071124,,0.0,0.0
20071125,,0.0,0.0
20071126,,0.0,0.0
20071127,,0.0,0.0
20071128,,0.0,0.0
20071129,,0.0,0.0
20071130,,0.0,0.0
20071201,,0.0,0.0
20071202,,0.0,0.0
20071203,,0.0,0.0
20071204,,0.0,0.0
20071205,,0.0,0.0
20071206,,0.0,0.0
20071207,,0.0,0.0
20071208,,0.0,0.0
20071209,,0.0,0.0
20071210,,0.0,0.0
20071211,,0.0,0.0
20071212,,0.0,0.0
20071213,,0.0,0.0
20071214,,0.0,0.0
20071215,,0.0,0.0
20071216,,0.0,0.0
20071217,,0.0,0.0
20071218,,0.0,0.0
20071219,,0.0,0.0
20071220,,0.0,0.0
20071221,,0.0,0.0
20071222,,0.0,0.0
20071223,,0.0,0.0
20071224,,0.0,0.0
20071225,,0.0,0.0
20071226,,0.0,0.0
20071227,,0.0,0.0
20071228,,0.0,0.0
20071229,,0.0,0.0
20071230,,0.0,0.0
20071231,,0.0,0.0
20080101,,0.0,0.0
20080102,,0.0,0.0
20080103,,0.0,0.0
20080104,,0.0,0.0
20080105,,0.0,0.0
20080106,,0.0,0.0
20080107,,0.0,0.0
20080108,,0.0,0.0
20080109,,0.0,0.0
20080110,,0.0,0.0
20080111,,0.0,0.0
20080112,,0.0,0.0
20080113,,0.0,0.0
20080114,,0.0,0.0
20080115,,0.0,0.0
20080116,,0.0,0.0
20080117,,0.0,0.0
20080118,,0.0,0.0
20080119,,0.0,0.0
20080120,,0.0,0.0
20080121,,0.0,0.0
20080122,,0.0,0.0
20080123,,0.0,0.0
20080124,,0.0,0.0
20080125,,0.0,0.0
20080126,,0.0,0.0
20080127,,0.0,0.0
20080128,,0.0,0.0
20080129,,0.0,0.0
20080130,,0.0,0.0
20080131,,0.0,0.0
20080201,,0.0,0.0
20080202,,0.0,0.0
20080203,,0.0,0.0
20080204,,0.0,0.0
20080205,,0.0,0.0
20080206,,0.0,0.0
20080207,,0.0,0.0
20080208,,0.0,0.0
20080209,,0.0,0.0
20080210,,0.0,0.0
20080211,,0.0,0.0
20080212,,0.0,0.0
20080213,,0.0,0.0
20080214,,0.0,0.0
20080215,,0.0,0.0
20080216,,0.0,0.0
20080217,,0.0,0.0
20080218,,0.0,0.0
20080219,,0.0,0.0
20080220,,0.0,0.0
20080221,,0.0,0.0
20080222,,0.0,0.0
20080223,,0.0,0.0
20080224,,0.0,0.0
20080225,,0.0,0.0
20080226,,0.0,0.0
20080227,,0.0,0.0
20080228,,0.0,0.0
20080229,,0.0,0.0
20080301,,0.0,0.0
20080302,,0.0,0.0
20080303,,0.0,0.0
20080304,,0.0,0.0
20080305,,0.0,0.0
20080306,,0.0,0.0
20080307,,0.0,0.0
20080308,,0.0,0.0
20080309,,0.0,0.0
20080310,,0.0,0.0
20080311,,0.0,0.0
20080312,,0.0,0.0
20080313,,0.0,0.0
20080314,,0.0,0.0
20080315,,0.0,0.0
20080316,,0.0,0.0
20080317,,0.0,0.0
20080318,,0.0,0.0
20080319,,0.0,0.0
20080320,,0.0,0.0
20080321,,0.0,0.0
20080322,,0.0,0.0
20080323,,0.0,0.0
20080324,,0.0,0.0
20080325,,0.0,0.0
20080326,,0.0,0.0
20080327,,0.0,0.0
20080328,,0.74,0.28
20080329,0.073,8.56,0.29
20080330,0.095,9.27,0.0
20080331,0.096,5.38,2.87
20080401,0.087,7.92,0.1
20080402,,0.33,7.97
20080403,0.097,7.6,0.0
20080404,0.083,3.61,0.04
20080405,0.158,1.31,1.12
20080406,,0.0,0.0
20080407,,0.0,0.0
20080408,,0.0,0.0
20080409,,0.0,0.0
20080410,,0.47,0.0
20080411,0.095,7.73,0.24
20080412,,0.0,8.73
20080413,0.091,6.67,0.41
20080414,0.090,7.53,1.59
20080415,0.086:,5.08,3.39
20080416,0.092,6.78,1.9
20080417,0.072,8.8,0.0
20080418,0.101,6.69,2.32
20080419,,0.0,0.0
20080420,0.071,8.0,0.84
20080421,0.075,8.81,0.0
20080422,0.075,8.25,0.28
20080423,0.078,8.77,0.0
20080424,0.141,8.46,0.0
20080425,0.559:,4.26,4.35
20080426,0.446:,1.09,7.04
20080427,0.243,7.25,0.0
20080428,0.141,8.31,0.28
20080429,0.190,8.35,0.28
20080430,,1.09,7.48
20080501,,1.18,7.47
20080502,,0.0,8.63
20080503,0.128,4.8,3.74
20080504,0.097,6.0,2.35
20080505,,0.29,8.19
20080506,0.107,7.47,0.29
20080507,,0.1,0.0
20080508,,0.0,0.0
20080509,0.095,8.08,0.02
20080510,0.102,7.71,0.29
20080511,0.104,8.57,0.0
20080512,0.122,8.07,0.0
20080513,0.112,7.51,0.0
20080514,0.168,8.34,0.0
20080515,,5.34,0.0
20080516,,0.76,0.57
20080517,0.097,3.77,0.42
20080518,0.112,4.3,4.02
20080519,0.112,6.89,1.38
20080520,0.104,7.93,0.0
20080521,0.107,8.05,0.0
20080522,0.095,8.15,0.0
20080523,0.088,5.87,2.37
20080524,0.091,3.56,0.0
20080525,0.083,8.09,0.0
20080526,0.081,8.2,0.0
20080527,0.084,7.19,0.99
20080528,0.131,5.42,2.74
20080529,,3.55,4.6
20080530,,0.0,0.04
20080531,0.083,6.2,0.0
20080601,0.083,8.08,0.0
20080602,0.087,7.92,0.0
20080603,0.084,14.16,1.98
20080604,0.081,8.06,0.0
20080605,0.083,7.99,0.0
20080606,0.084,7.99,0.0
20080607,0.080,7.82,0.0
20080608,,0.0,0.0
20080609,0.082,7.83,0.0
20080610,0.075,7.41,0.33
20080611,0.084,7.88,0.0
20080612,0.082,8.05,0.0
20080613,0.083,7.92,0.0
20080614,0.087,7.38,0.4
20080615,0.091,6.31,0.0
20080616,,0.0,0.0
20080617,,0.0,0.0
20080618,,0.0,0.0
20080619,,0.0,0.0
20080620,,0.0,0.0
20080621,,0.0,0.0
20080622,,0.0,0.0
20080623,,0.0,0.0
20080624,,0.0,0.0
20080625,0.167,8.04,0.0
20080626,0.327,16.06,0.0
20080627,,0.0,0.0
20080628,0.296,8.04,0.0
20080629,0.318,8.0,0.0
20080630,0.194,7.52,0.31
20080701,0.091,7.79,0.0
20080702,0.133,8.07,0.0
20080703,0.089,8.06,0.0
20080704,0.083,8.08,0.0
20080705,,2.91,5.13
20080706,0.107,4.21,3.66
20080707,0.085,8.02,0.0
20080708,0.093,8.07,0.0
20080709,0.232,7.76,0.0
20080710,0.373,5.26,2.79
20080711,0.084,8.07,0.0
20080712,0.081,8.08,0.0
20080713,0.088,8.21,0.0
20080714,,2.98,5.25
20080715,,2.98,5.26
20080716,0.077,6.05,2.1
20080717,0.072:,3.57,4.38
20080718,0.075,5.75,2.42
20080719,,0.0,8.01
20080720,,0.61,7.48
20080721,,1.19,7.03
20080722,0.267,8.21,0.0
20080723,0.130,8.25,0.0
20080724,0.128,8.29,0.0
20080725,0.247,7.88,0.37
20080726,0.176:,8.37,0.0
20080727,0.110,8.47,0.0
20080728,0.093,8.38,0.0
20080729,0.092,7.82,0.58
20080730,0.225,8.42,0.0
20080731,,0.0,8.46
20080801,0.274,8.49,0.0
20080802,0.212,8.46,0.0
20080803,0.261,8.38,0.0
20080804,0.315,8.56,0.0
20080805,0.348,8.6,0.0
20080806,0.257,8.61,0.0
20080807,,1.6,7.04
20080808,,0.0,8.38
20080809,0.377,4.96,3.74
20080810,0.128,7.66,1.06
20080811,0.096,8.65,0.0
20080812,0.117,8.52,0.11
20080813,0.116,8.82,0.0
20080814,0.098,6.14,2.65
20080815,,0.34,8.47
20080816,,0.74,2.95
20080817,,0.0,0.0
20080818,0.216,4.94,3.79
20080819,,3.25,5.68
20080820,,0.0,7.43
20080821,0.286,5.96,3.07
20080822,0.237,8.46,0.61
20080823,0.427:,3.89,5.22
20080824,0.328,9.13,0.0
20080825,0.113,9.16,0.0
20080826,0.114,9.19,0.0
20080827,0.102,9.22,0.0
20080828,0.110,9.29,0.0
20080829,0.260,9.28,0.0
20080830,0.244,9.36,0.0
20080831,0.171:,1.51,7.89
20080901,0.242,9.42,0.0
20080902,0.152,9.41,0.0
20080903,0.102,9.49,0.0
20080904,0.130,9.55,0.0
20080905,,0.0,9.66
20080906,,0.0,9.18
20080907,0.232:,5.79,1.46
20080908,,0.0,0.0
20080909,,0.93,0.19
20080910,0.098,8.82,0.0
20080911,,0.0,5.32
20080912,0.094,9.75,0.0
20080913,0.105,7.51,2.23
20080914,,1.56,8.2
20080915,0.102,8.0,1.6
20080916,,0.0,9.86
20080917,,0.34,0.0
20080918,,0.0,0.0
20080919,0.114,9.56,0.28
20080920,,0.59,0.04
20080921,0.098,9.85,0.0
20080922,0.103,9.64,0.0
20080923,0.099,10.08,0.0
20080924,,0.0,0.3
20080925,,0.0,0.0
20080926,,0.0,0.0
20080927,,0.0,0.0
20080928,,0.0,7.24
20080929,,0.62,0.0
20080930,,2.88,0.0
20081001,,0.0,0.0
20081002,,0.0,1.85
20081003,0.108,10.33,0.0
20081004,0.104,10.35,0.0
20081005,,2.6,7.65
20081006,0.107,10.4,0.0
20081007,0.091,10.44,0.0
20081008,0.081,10.03,0.34
20081009,,0.92,0.18
20081010,,2.14,6.17
20081011,,1.32,0.04
20081012,0.113,10.3,0.0
20081013,0.107,10.43,0.0
20081014,0.088,10.52,0.0
20081015,0.109,10.65,0.0
20081016,0.097,10.67,0.0
20081017,0.147:,0.73,5.54
20081018,0.115,1.75,0.0
20081019,,0.0,0.57
20081020,0.095,10.73,0.0
20081021,0.096,7.72,0.5
20081022,0.094,9.01,0.0
20081023,,0.0,0.0
20081024,0.094,10.76,0.0
20081025,,1.78,6.83
20081026,,0.0,0.0
20081027,0.092,8.38,0.0
20081028,,0.0,0.0
20081029,,0.0,0.0
20081030,,0.0,0.0
20081031,,0.0,0.0
20081101,,0.0,0.0
20081102,,0.0,0.0
20081103,0.096,7.61,0.08
20081104,,0.0,10.88
20081105,,0.0,10.88
20081106,0.097,10.94,0.0
20081107,,1.74,9.35
20081108,0.132,6.83,4.29
20081109,,1.56,9.47
20081110,,0.0,11.02
20081111,0.123:,5.17,5.74
20081112,0.146:,3.73,7.17
20081113,0.098,8.51,2.45
20081114,0.130,6.92,4.03
20081115,0.096,8.66,2.32
20081116,0.091,10.99,0.0
20081117,0.098,10.92,0.03
20081118,0.119,10.45,0.55
20081119,0.100,3.21,0.0
20081120,,0.0,0.0
20081121,,0.0,0.0
20081122,,0.84,3.66
20081123,0.091,10.33,0.04
20081124,0.100,5.66,2.88
20081125,,0.0,7.6
20081126,,0.0,0.0
20081127,0.114:,6.8,4.43
20081128,0.193:,2.78,8.21
20081129,0.093,10.54,0.65
20081130,,0.97,10.28
20081201,0.097,7.63,3.66
20081202,,0.0,11.14
20081203,0.132,10.79,0.56
20081204,0.146,11.27,0.0
20081205,,1.98,9.31
20081206,0.099:,1.52,9.69
20081207,0.096,9.55,1.9
20081208,0.111,9.7,0.85
20081209,0.122,6.4,4.27
20081210,0.125:,5.38,6.09
20081211,0.097:,3.74,7.72
20081212,,2.58,1.15
20081213,0.095,7.45,0.0
20081214,,0.54,0.28
20081215,,0.0,0.0
20081216,0.093,11.42,0.0
20081217,0.095,11.52,0.0
20081218,0.104,7.77,0.28
20081219,0.093,3.33,1.42
20081220,0.098,11.1,0.38
20081221,0.094,9.01,2.48
20081222,,1.82,9.73
20081223,,0.0,3.57
20081224,,0.0,0.0
20081225,0.090,11.47,0.0
20081226,,0.0,0.0
20081227,,0.0,5.05
20081228,0.087,9.09,2.3
20081229,,0.0,2.26
20081230,,1.33,0.0
20081231,,0.0,0.0
20090101,0.088,10.97,0.31
20090102,0.082,11.25,0.0
20090103,0.083,11.22,0.0
20090104,0.084,10.89,0.16
20090105,,0.0,0.0
20090106,0.092,3.35,0.0
20090107,,0.0,0.05
20090108,,0.91,0.6
20090109,,0.0,0.0
20090110,0.086,3.81,3.34
20090111,,0.0,6.75
20090112,0.107:,4.5,6.3
20090113,0.091,11.11,0.0
20090114,0.097,9.01,0.0
20090115,,0.0,0.0
20090116,,0.0,0.0
20090117,,0.0,0.0
20090118,,0.0,0.0
20090119,0.091,5.5,0.33
20090120,0.085,10.76,0.11
20090121,0.093,6.35,4.63
20090122,0.129:,1.8,3.65
20090123,0.098,8.5,0.0
20090124,0.083,11.12,0.0
20090125,0.092,4.12,1.97
20090126,0.084,4.79,3.86
20090127,0.084,11.09,0.0
20090128,0.085,10.29,0.52
20090129,0.089,5.37,0.44
20090130,0.092,5.36,3.09
20090131,0.137,3.23,2.78
20090201,,0.0,4.02
20090202,,0.0,0.0
20090203,,0.0,0.0
20090204,,0.0,0.0
20090205,,0.0,0.0
20090206,,0.0,0.0
20090207,,0.0,0.0
20090208,,0.0,0.0
20090209,,0.0,10.86
20090210,0.089,5.84,4.82
20090211,0.092,8.78,1.86
20090212,0.090,5.63,4.8
20090213,0.099,9.91,0.0
20090214,,0.0,0.0
20090215,,0.0,0.0
20090216,0.153,10.68,0.0
20090217,0.127,4.23,1.59
20090218,,0.47,0.0
20090219,,0.0,0.0
20090220,,0.0,0.0
20090221,,0.0,0.0
20090222,,0.0,0.0
20090223,,0.0,0.0
20090224,,0.0,0.0
20090225,,0.0,0.0
20090226,,0.0,0.0
20090227,,0.0,0.0
20090228,,0.0,0.0
20090301,,0.0,0.0
20090302,,0.0,0.0
20090303,,0.0,0.0
20090304,,0.0,0.0
20090305,,0.0,0.0
20090306,,0.0,0.0
20090307,,0.0,0.0
20090308,,0.0,0.0
20090309,,0.0,0.0
20090310,,0.0,0.0
20090311,,0.0,0.0
20090312,,0.0,0.0
20090313,,0.0,0.0
20090314,,0.0,0.0
20090315,,0.0,0.0
20090316,,0.0,0.0
20090317,,0.0,0.16
20090318,0.116,3.31,1.01
20090319,0.104,9.88,0.0
20090320,0.091,4.22,0.3
20090321,0.089,9.71,0.0
20090322,0.088,9.49,0.1
20090323,0.096,6.3,0.0
20090324,,0.0,0.0
20090325,,0.0,0.0
20090326,,0.0,0.0
20090327,,0.0,0.0
20090328,,0.98,7.53
20090329,0.093,9.1,0.08
20090330,0.099,9.51,0.0
20090331,0.117,8.03,1.39
20090401,0.093,9.57,0.0
20090402,0.089,9.4,0.0
20090403,0.098,9.33,0.0
20090404,0.143,9.34,0.0
20090405,0.088,9.25,0.0
20090406,0.105,8.83,0.0
20090407,,0.0,9.29
20090408,,4.1,5.15
20090409,,0.0,4.6
20090410,0.100,5.07,4.16
20090411,,0.0,8.75
20090412,0.124,9.1,0.0
20090413,0.114,4.86,4.23
20090414,0.103,9.26,0.0
20090415,0.111:,1.66,7.38
20090416,0.103,8.97,0.0
20090417,,0.0,8.19
20090418,0.100,5.76,3.03
20090419,0.101,7.63,1.17
20090420,0.097,8.07,0.76
20090421,,0.0,8.65
20090422,0.091:,7.61,1.13
20090423,0.091,8.47,0.11
20090424,,1.27,7.46
20090425,,0.0,8.7
20090426,,0.68,2.59
20090427,0.122,8.74,0.0
20090428,0.102,8.65,0.0
20090429,0.097,6.27,2.24
20090430,,0.0,8.45
20090501,0.127,17.04,0.0
20090502,0.106,6.55,1.64
20090503,0.091,8.44,0.0
20090504,0.091,8.59,0.0
20090505,0.084,8.52,0.0
20090506,0.097,8.09,0.4
20090507,,0.0,8.42
20090508,,0.87,7.51
20090509,0.100,4.62,3.9
20090510,,0.0,7.36
20090511,0.098,4.73,3.74
20090512,0.104,6.54,1.91
20090513,0.101,4.41,4.0
20090514,0.100,8.33,0.0
20090515,,2.77,5.43
20090516,0.091,7.46,0.72
20090517,0.093,8.26,0.0
20090518,0.099,8.24,0.0
20090519,0.090,7.63,0.0
20090520,0.111:,1.1,1.15
20090521,0.087,6.51,0.0
20090522,0.094,7.97,0.0
20090523,0.116:,3.17,4.97
20090524,0.094,5.46,2.64
20090525,0.092,7.81,0.28
20090526,0.086,6.02,2.12
20090527,0.085,9.86,0.28
20090528,0.082,7.81,0.28
20090529,0.085,7.79,0.28
20090530,0.086,8.01,0.0
20090531,0.084,8.01,0.0
20090601,0.088,5.71,2.27
20090602,0.085,7.81,0.0
20090603,0.087,7.78,0.0
20090604,0.098,5.06,2.71
20090605,0.086,5.83,2.26
20090606,0.093:,3.8,4.07
20090607,0.097:,3.57,4.28
20090608,0.075,6.88,0.93
20090609,0.064,7.36,0.38
20090610,0.068,7.05,0.68
20090611,0.127,6.71,1.13
20090612,0.141:,1.72,5.9
20090613,0.104,7.77,0.0
20090614,0.106,7.76,0.0
20090615,,0.34,0.31
20090616,,0.0,0.0
20090617,,0.0,0.06
20090618,0.092,4.77,0.21
20090619,0.087,7.91,0.0
20090620,0.087,7.91,0.0
20090621,0.091:,3.01,4.85
20090622,0.126,7.6,0.33
20090623,0.164,7.92,0.0
20090624,0.069,8.04,0.0
20090625,0.079,8.0,0.0
20090626,0.068,8.03,0.0
20090627,0.126,7.8,0.03
20090628,,3.13,0.03
20090629,0.074,8.0,0.0
20090630,0.066,7.96,0.0
20090701,0.070,7.93,0.0
20090702,0.057,7.82,0.0
20090703,0.049,8.0,0.0
20090704,0.075,8.06,0.0
20090705,,1.98,5.93
20090706,,1.73,6.19
20090707,0.146,5.42,2.57
20090708,0.111,4.54,3.4
20090709,,3.85,3.99
20090710,,0.0,8.02
20090711,,0.0,0.0
20090712,0.084,8.15,0.0
20090713,0.080,8.18,0.0
20090714,0.073,7.54,0.64
20090715,0.220,8.22,0.0
20090716,0.305,8.23,0.0
20090717,,4.11,4.13
20090718,0.180,8.28,0.0
20090719,0.197,8.29,0.0
20090720,0.310:,7.42,0.75
20090721,0.542,7.59,0.74
20090722,0.243,8.36,0.0
20090723,0.438:,7.57,0.81
20090724,0.306,8.4,0.0
20090725,0.274,8.43,0.0
20090726,0.508:,8.1,0.34
20090727,0.200,8.47,0.0
20090728,0.216,8.33,0.0
20090729,0.340,6.26,2.26
20090730,,2.63,5.96
20090731,,4.47,4.1
20090801,0.355:,3.04,5.47
20090802,0.106,16.52,0.66
20090803,0.086,25.68,0.0
20090804,0.084,7.96,0.32
20090805,,1.65,6.94
20090806,,0.0,8.5
20090807,,0.0,0.0
20090808,0.119,8.78,0.0
20090809,0.112,8.81,0.0
20090810,0.106,8.83,0.0
20090811,0.095,8.86,0.0
20090812,0.096,6.43,2.46
20090813,0.093,8.92,0.0
20090814,0.097,8.99,0.0
20090815,0.092,9.02,0.0
20090816,0.124,8.97,0.0
20090817,0.095,9.09,0.0
20090818,0.169,9.06,0.0
20090819,0.342,8.75,0.18
20090820,0.256,9.19,0.0
20090821,0.143,9.15,0.0
20090822,0.092,9.11,0.0
20090823,,0.0,0.0
20090824,0.336,8.96,0.06
20090825,0.164,9.26,0.0
20090826,0.104,9.29,0.0
20090827,,0.0,0.0
20090828,0.103,7.84,1.23
20090829,0.248:,1.64,7.6
20090830,,0.0,8.91
20090831,0.371:,4.19,5.07
20090901,0.128:,4.43,4.6
20090902,0.099,8.32,0.82
20090903,0.108:,3.39,5.68
20090904,,2.33,7.13
20090905,0.093,9.48,0.0
20090906,,2.25,7.33
20090907,,0.0,9.61
20090908,0.249,9.63,0.0
20090909,0.158,9.33,0.0
20090910,0.128,7.44,2.26
20090911,,0.0,9.74
20090912,0.105,9.76,0.0
20090913,0.104,9.78,0.0
20090914,,2.06,7.0
20090915,,2.95,3.15
20090916,,0.0,4.63
20090917,,0.0,8.56
20090918,,0.0,0.86
20090919,,0.0,9.73
20090920,,0.0,0.03
20090921,,3.97,0.0
20090922,0.260:,6.4,2.58
20090923,0.107,9.93,0.0
20090924,0.101,10.06,0.0
20090925,0.098,9.63,0.3
20090926,0.093,10.13,0.0
20090927,,0.24,0.03
20090928,,0.0,0.0
20090929,,0.0,0.09
20090930,,0.0,0.0
20091001,0.148,4.61,3.01
20091002,,0.0,0.0
20091003,,0.0,0.0
20091004,,0.0,0.0
20091005,,0.0,0.0
20091006,,0.0,0.0
20091007,0.096,10.4,0.0
20091008,0.100,9.87,0.41
20091009,0.099,9.99,0.0
20091010,0.103:,3.87,6.32
20091011,0.121,7.0,2.63
20091012,,0.0,0.0
20091013,,0.0,0.0
20091014,0.105,10.42,0.0
20091015,0.121,8.54,1.84
20091016,0.124,9.66,0.09
20091017,0.115:,4.98,5.27
20091018,,0.0,0.0
20091019,,1.2,0.0
20091020,,0.0,0.0
20091021,0.088,6.44,0.0
20091022,0.095,8.05,0.0
20091023,0.094,3.73,0.0
20091024,0.099,2.81,0.0
20091025,0.099,8.31,0.54
20091026,0.144:,2.55,7.87
20091027,0.123:,3.85,2.92
20091028,,0.0,0.0
20091029,0.102,10.56,0.0
20091030,0.107,9.86,0.65
20091031,0.094,10.5,0.0
20091101,0.096,9.83,0.64
20091102,0.105,5.95,4.42
20091103,,0.0,0.0
20091104,0.110,6.68,0.4
20091105,,0.0,0.0
20091106,0.097,9.67,0.0
20091107,,0.0,0.0
20091108,0.106,8.64,0.28
20091109,,0.0,0.0
20091110,,0.0,0.0
20091111,0.088,10.32,0.28
20091112,0.092,9.88,0.71
20091113,0.084,10.32,0.29
20091114,0.085,10.78,0.0
20091115,,0.0,0.0
20091116,,0.0,0.0
20091117,,0.0,0.0
20091118,,0.0,0.0
20091119,,0.0,0.0
20091120,0.097,9.78,0.32
20091121,0.182:,3.53,7.25
20091122,,0.0,10.84
20091123,0.111:,3.4,4.73
20091124,0.089,10.78,0.0
20091125,0.119:,9.86,0.7
20091126,0.130,6.66,3.94
20091127,0.107,10.53,0.28
20091128,0.119,5.1,0.29
20091129,0.093,9.61,0.88
20091130,,1.14,0.66
20091201,0.092,5.69,5.25
20091202,0.093,7.28,3.65
20091203,0.094,10.96,0.0
20091204,0.086,11.03,0.0
20091205,0.092,11.02,0.0
20091206,0.090,11.05,0.02
20091207,0.103,10.56,0.33
20091208,0.090,11.22,0.0
20091209,,0.0,0.0
20091210,,0.0,7.08
20091211,,0.0,0.0
20091212,,0.0,0.0
20091213,,0.0,0.0
20091214,,0.0,0.0
20091215,,0.37,0.09
20091216,,0.0,0.0
20091217,,0.0,0.0
20091218,,0.0,0.0
20091219,,0.0,0.0
20091220,,0.0,0.0
20091221,,0.0,0.0
20091222,,0.0,0.0
20091223,,0.0,0.0
20091224,,0.0,0.0
20091225,,0.0,1.64
20091226,0.102:,2.12,9.18
20091227,,0.0,0.0
20091228,,0.0,0.0
20091229,,0.0,0.0
20091230,0.079,7.45,1.15
20091231,0.070,11.47,0.0
20100101,0.075,6.93,1.63
20100102,,0.23,2.0
20100103,0.092,3.44,0.0
20100104,0.103,6.53,0.0
20100105,0.114,4.44,0.0
20100106,,0.0,0.0
20100107,0.083,10.51,0.0
20100108,,0.0,0.0
20100109,,0.0,0.0
20100110,0.089,11.36,0.0
20100111,0.095,8.79,2.59
20100112,0.107:,8.09,3.33
20100113,,0.0,0.0
20100114,0.097:,5.22,6.09
20100115,0.083,11.25,0.0
20100116,0.086,8.05,1.29
20100117,0.155,8.99,2.04
20100118,0.107:,5.12,5.92
20100119,0.084,10.97,0.0
20100120,0.083,10.64,0.33
20100121,0.090,5.89,5.07
20100122,0.101,5.5,1.4
20100123,0.082,10.75,0.0
20100124,0.084,10.4,0.0
20100125,0.086,10.57,0.0
20100126,0.078,3.26,0.85
20100127,,0.77,9.96
20100128,,0.0,6.95
20100129,,0.0,0.0
20100130,,0.0,0.0
20100131,,0.0,0.0
20100201,,0.0,0.0
20100202,,0.0,0.0
20100203,,0.0,0.0
20100204,,0.0,0.0
20100205,0.077,10.75,0.0
20100206,0.128,7.31,3.53
20100207,,0.0,0.0
20100208,0.085,10.13,0.72
20100209,0.096,11.17,0.72
20100210,,1.5,9.3
20100211,,0.0,10.76
20100212,0.103:,4.7,4.92
20100213,,0.32,2.96
20100214,,0.0,0.0
20100215,,0.0,0.0
20100216,,0.0,0.0
20100217,,0.0,0.0
20100218,,0.0,0.0
20100219,,0.0,0.0
20100220,,0.0,0.0
20100221,,0.0,0.0
20100222,,0.0,0.0
20100223,,0.56,8.44
20100224,0.095,6.37,0.82
20100225,,0.0,10.21
20100226,,0.0,0.0
20100227,,0.0,0.8
20100228,0.093,5.54,0.8
20100301,,0.0,0.0
20100302,,2.02,0.36
20100303,0.102,7.31,2.91
20100304,,0.0,0.0
20100305,,0.0,0.0
20100306,,0.0,0.54
20100307,,0.0,1.78
20100308,0.092,6.04,3.94
20100309,,0.77,9.4
20100310,0.087,4.01,0.0
20100311,0.103,5.54,4.39
20100312,0.175:,4.48,5.55
20100313,0.082,9.88,0.0
20100314,0.112,9.29,0.61
20100315,,0.66,3.63
20100316,,0.28,9.47
20100317,,1.27,8.45
20100318,0.308:,1.0,7.89
20100319,,2.02,7.66
20100320,,0.0,0.0
20100321,,0.0,0.0
20100322,,0.0,0.0
20100323,0.095,5.44,3.61
20100324,0.107,9.47,0.0
20100325,0.109,9.48,0.0
20100326,0.106:,4.1,5.38
20100327,0.175:,3.04,6.21
20100328,,0.0,9.36
20100329,0.109,7.69,1.28
20100330,0.103,7.92,1.14
20100331,0.103,8.73,0.31
20100401,0.170:,2.0,7.29
20100402,0.432:,3.15,6.12
20100403,0.221:,2.06,2.06
20100404,0.102,9.03,0.0
20100405,0.161:,7.3,1.36
20100406,0.161:,3.01,6.15
20100407,,0.39,8.28
20100408,,0.0,8.97
20100409,,0.74,8.29
20100410,0.098,8.5,0.53
20100411,0.099,7.27,0.0
20100412,,0.0,0.0
20100413,,0.0,0.0
20100414,,0.0,0.0
20100415,,0.0,0.0
20100416,,0.0,0.0
20100417,,0.0,0.0
20100418,,0.0,0.0
20100419,,0.0,0.0
20100420,,0.0,0.0
20100421,,0.0,0.0
20100422,,0.0,0.0
20100423,,0.0,0.0
20100424,,0.0,0.0
20100425,,0.0,0.0
20100426,,0.0,0.0
20100427,,0.0,0.0
20100428,0.144:,3.0,5.48
20100429,,0.91,7.75
20100430,0.149:,6.25,2.25
20100501,0.105,4.47,3.82
20100502,0.092,7.97,0.0
20100503,,0.0,8.37
20100504,0.236:,2.99,5.19
20100505,0.109,5.72,2.45
20100506,,0.0,0.0
20100507,,0.0,0.0
20100508,,0.0,0.0
20100509,,0.0,0.0
20100510,,0.0,0.0
20100511,,0.0,0.0
20100512,,0.0,0.0
20100513,,0.0,0.0
20100514,,0.0,0.0
20100515,,0.0,0.0
20100516,,0.0,0.0
20100517,,0.0,0.0
20100518,,0.0,0.0
20100519,,0.0,0.0
20100520,,0.0,0.0
20100521,,0.0,0.0
20100522,,0.0,0.0
20100523,,0.0,0.0
20100524,,0.0,0.0
20100525,,0.0,0.0
20100526,,0.0,0.0
20100527,,0.0,0.0
20100528,,0.0,0.0
20100529,,0.0,0.0
20100530,,0.0,0.0
20100531,,0.0,0.0
20100601,,0.0,0.0
20100602,,0.0,0.0
20100603,,0.0,0.0
20100604,,0.0,0.0
20100605,,0.0,0.0
20100606,,0.0,0.0
20100607,,0.0,0.0
20100608,,0.0,0.0
20100609,,0.0,0.0
20100610,,0.0,0.0
20100611,,0.0,0.0
20100612,,0.0,0.0
20100613,,0.0,0.0
20100614,,0.0,0.0
20100615,,0.0,0.0
20100616,,0.0,0.0
20100617,,0.0,0.0
20100618,,0.0,0.0
20100619,,0.0,0.0
20100620,,0.0,0.0
20100621,,0.0,0.0
20100622,,0.0,0.0
20100623,,0.0,0.0
20100624,,0.0,0.0
20100625,,0.0,0.0
20100626,,0.0,0.0
20100627,,0.0,0.0
20100628,,0.0,0.0
20100629,,0.0,0.0
20100630,,0.0,0.0
20100701,0.072,7.78,0.0
20100702,0.069,7.11,0.49
20100703,0.069,7.5,0.28
20100704,0.072,7.16,0.6
20100705,0.102,7.5,0.28
20100706,0.088,6.98,0.63
20100707,0.080,7.55,0.28
20100708,0.428:,4.24,3.42
20100709,0.862:,2.21,5.3
20100710,0.291:,7.27,0.44
20100711,0.226,5.4,2.37
20100712,0.220,7.49,0.36
20100713,0.090,7.51,0.0
20100714,0.074,7.4,0.44
20100715,0.073,7.27,0.44
20100716,0.064,7.48,0.0
20100717,0.089:,8.24,0.0
20100718,0.379,6.57,1.67
20100719,,0.0,0.04
20100720,,0.0,0.04
20100721,,0.0,0.0
20100722,,0.0,0.0
20100723,,0.0,0.0
20100724,,0.0,0.0
20100725,,0.0,0.0
20100726,0.079,8.08,0.3
20100727,0.082,8.44,0.0
20100728,,1.4,7.07
20100729,,0.0,0.0
20100730,,0.0,0.0
20100731,,0.0,0.0
20100801,,0.0,0.0
20100802,0.287,8.43,0.0
20100803,0.446,7.22,1.36
20100804,0.544,5.77,2.61
20100805,0.341,7.88,0.75
20100806,0.100,8.71,0.0
20100807,0.087,8.27,0.35
20100808,0.082,8.66,0.0
20100809,0.129,6.35,2.33
20100810,,0.65,7.99
20100811,,2.43,6.25
20100812,0.236,8.7,0.0
20100813,0.120,5.63,0.46
20100814,0.255,8.58,0.0
20100815,0.250:,3.9,3.96
20100816,0.271:,1.15,7.63
20100817,0.098:,5.85,2.59
20100818,0.091,8.54,0.29
20100819,0.081,8.77,0.0
20100820,0.086,8.77,0.0
20100821,0.144,6.26,2.88
20100822,0.117,6.46,2.59
20100823,0.093,8.85,0.0
20100824,0.147,5.85,3.18
20100825,0.109,8.92,0.0
20100826,,0.45,8.57
20100827,,0.76,8.28
20100828,0.305,5.69,1.32
20100829,0.181,9.1,0.0
20100830,0.203,9.19,0.0
20100831,,0.0,0.0
20100901,,0.0,0.0
20100902,,0.0,0.0
20100903,0.131,9.12,0.0
20100904,0.168,8.99,0.0
20100905,,1.98,7.4
20100906,0.101,6.78,2.62
20100907,0.104,9.24,0.0
20100908,0.099,9.46,0.0
20100909,,0.0,0.0
20100910,0.095,6.66,2.9
20100911,0.094,6.22,3.38
20100912,0.110,7.04,2.35
20100913,,0.43,4.89
20100914,,0.0,5.8
20100915,,0.0,0.0
20100916,,0.0,0.0
20100917,,0.0,0.0
20100918,,0.0,0.0
20100919,0.097,9.22,0.51
20100920,0.093,8.96,0.75
20100921,,0.0,6.67
20100922,,0.0,0.0
20100923,,0.0,1.18
20100924,,0.0,7.47
20100925,,0.0,0.38
20100926,,0.0,0.04
20100927,,0.0,10.08
20100928,,0.0,7.77
20100929,0.090,6.51,0.76
20100930,0.091,10.12,0.0
20101001,0.091,10.14,0.0
20101002,,0.0,0.0
20101003,0.157,5.14,5.11
20101004,0.094,10.32,0.0
20101005,0.092,8.85,0.0
20101006,0.101,3.95,0.5
20101007,,1.52,0.0
20101008,0.091,6.05,0.0
20101009,0.115,10.41,0.0
20101010,0.105:,2.29,2.88
20101011,,0.0,0.0
20101012,,0.28,1.44
20101013,0.091,5.54,0.16
20101014,0.087,4.7,0.0
20101015,0.090,3.25,0.04
20101016,0.090,10.33,0.0
20101017,,0.0,9.32
20101018,0.133,3.17,1.7
20101019,,0.0,0.04
20101020,0.156,3.86,0.43
20101021,0.097,2.65,0.04
20101022,0.102,6.29,1.82
20101023,,0.72,0.25
20101024,0.085,7.55,0.27
20101025,0.085,9.37,0.0
20101026,0.095,10.37,0.38
20101027,0.096,10.77,0.0
20101028,0.095,10.84,0.0
20101029,0.097,8.73,2.02
20101030,0.091,6.06,0.75
20101031,,0.0,0.0
20101101,,0.0,0.0
20101102,,0.0,0.0
20101103,,0.0,0.0
20101104,,0.0,0.0
20101105,,0.0,0.0
20101106,,0.0,0.0
20101107,,0.0,0.0
20101108,0.088,9.03,2.11
20101109,0.090,11.17,0.0
20101110,,2.02,2.45
20101111,,0.0,0.0
20101112,,0.0,0.0
20101113,,0.0,0.0
20101114,,0.0,0.0
20101115,,0.0,0.0
20101116,,0.0,0.0
20101117,,0.0,0.0
20101118,0.129,3.15,0.53
20101119,0.231:,1.23,5.98
20101120,,0.0,11.19
20101121,,0.0,11.21
20101122,0.093,7.28,4.12
20101123,0.089,11.42,0.0
20101124,,2.98,3.18
20101125,,0.0,0.0
20101126,,0.0,0.0
20101127,,0.0,0.0
20101128,,0.0,0.0
20101129,,0.0,0.0
20101130,,0.0,0.0
20101201,,0.0,0.0
20101202,,0.0,0.0
20101203,,0.0,0.0
20101204,,0.0,0.0
20101205,,0.0,0.0
20101206,,0.0,0.0
20101207,,0.0,0.0
20101208,,0.0,0.0
20101209,,0.0,0.0
20101210,,0.0,0.0
20101211,,0.0,0.0
20101212,,0.0,0.0
20101213,0.090,7.55,4.0
20101214,,1.48,2.39
20101215,,0.0,0.0
20101216,,0.0,0.0
20101217,,0.0,0.0
20101218,,0.0,0.0
20101219,,0.0,0.0
20101220,,0.0,0.0
20101221,,0.0,0.0
20101222,,0.0,0.0
20101223,0.091,11.46,0.0
20101224,,0.0,0.0
20101225,,0.0,0.0
20101226,,0.0,0.0
20101227,,0.0,0.0
20101228,,0.0,0.0
20101229,,0.0,0.0
20101230,,0.0,0.0
20101231,,0.0,0.0
20110101,,0.0,0.0
20110102,,0.0,0.0
20110103,,0.0,0.0
20110104,,0.0,0.0
20110105,,0.0,0.0
20110106,,0.0,0.0
20110107,,0.0,0.0
20110108,,0.0,0.0
20110109,,0.0,0.0
20110110,,0.0,0.0
20110111,,0.0,0.0
20110112,,0.0,0.0
20110113,,0.0,0.0
20110114,,0.0,0.0
20110115,,0.0,0.0
20110116,,0.0,0.0
20110117,,0.0,0.0
20110118,,0.0,0.0
20110119,0.088,8.69,2.74
20110120,,0.22,0.42
20110121,,0.0,0.0
20110122,,0.0,0.0
20110123,,0.0,0.0
20110124,,0.0,0.0
20110125,,0.0,0.0
20110126,,0.0,0.0
20110127,,0.0,0.0
20110128,,0.0,0.0
20110129,,0.0,0.0
20110130,,0.0,0.0
20110131,,0.0,0.0
20110201,,0.0,0.0
20110202,0.095,8.72,0.0
20110203,,4.91,6.24
20110204,,0.0,11.19
20110205,,0.0,0.0
20110206,,0.0,0.0
20110207,0.098,6.7,3.73
20110208,,0.24,5.46
20110209,,0.0,0.0
20110210,,0.0,0.0
20110211,,0.0,0.0
20110212,,0.0,0.0
20110213,,0.0,0.0
20110214,,0.0,0.0
20110215,,0.0,0.0
20110216,0.079,10.65,0.0
20110217,0.083,10.9,0.0
20110218,0.084:,4.23,6.59
20110219,,3.05,6.7
20110220,,0.22,9.32
20110221,,0.0,0.0
20110222,0.087,10.68,0.0
20110223,0.085,10.43,0.0
20110224,0.086,10.63,0.0
20110225,0.086,10.65,0.0
20110226,0.085,10.61,0.0
20110227,0.086,10.22,0.32
20110228,0.086,10.53,0.0
20110301,0.091,8.16,0.0
20110302,0.092,10.19,0.0
20110303,,0.0,0.0
20110304,,0.0,0.0
20110305,,0.19,0.0
20110306,,0.0,0.0
20110307,,0.0,0.0
20110308,,0.0,0.0
20110309,,0.0,0.0
20110310,,0.0,0.0
20110311,,0.0,0.0
20110312,,0.0,0.0
20110313,,0.0,0.0
20110314,,0.0,0.0
20110315,,0.0,0.0
20110316,,0.0,0.0
20110317,,0.0,0.0
20110318,,0.0,0.0
20110319,,0.0,0.0
20110320,,0.0,0.0
20110321,,0.0,0.0
20110322,,0.0,0.0
20110323,,0.0,0.0
20110324,,0.0,0.0
20110325,0.117,9.75,0.0
20110326,0.121,9.75,0.0
20110327,0.104,9.67,0.0
20110328,0.117,9.71,0.0
20110329,0.115,9.39,0.0
20110330,0.111,8.28,1.26
20110331,0.094,9.1,0.0
20110401,0.101,4.74,4.54
20110402,0.094,6.25,0.96
20110403,0.093,9.03,0.0
20110404,0.096,9.1,0.29
20110405,0.099:,3.05,6.35
20110406,0.094,9.38,0.0
20110407,0.106,4.63,1.86
20110408,0.098,9.27,0.0
20110409,0.104,9.23,0.0
20110410,0.094,9.21,0.0
20110411,0.090,9.17,0.0
20110412,0.090,8.9,0.01
20110413,0.094,9.12,0.0
20110414,0.125,5.09,4.0
20110415,,0.17,0.0
20110416,,0.0,0.0
20110417,,0.0,0.0
20110418,,0.0,0.0
20110419,,0.04,0.0
20110420,,0.0,0.0
20110421,,0.0,0.0
20110422,,0.0,0.0
20110423,,0.0,0.0
20110424,,0.0,0.0
20110425,,2.52,6.27
20110426,0.104,3.82,0.11
20110427,,0.0,0.0
20110428,,0.0,0.0
20110429,,0.0,0.0
20110430,,0.0,0.0
20110501,,0.0,0.0
20110502,0.102:,2.64,4.76
20110503,0.095,26.07,0.0
20110504,0.092,8.67,0.0
20110505,,0.0,8.64
20110506,0.096,7.48,0.0
20110507,0.102,8.58,0.0
20110508,0.089,7.38,1.0
20110509,0.111,5.97,2.45
20110510,0.105,8.4,0.0
20110511,0.182,7.21,0.0
20110512,0.131,8.4,0.0
20110513,0.100,4.49,3.89
20110514,0.107,8.15,0.0
20110515,0.095,5.18,3.15
20110516,0.104,3.71,1.76
20110517,0.094,4.46,2.69
20110518,0.096,3.37,0.66
20110519,,0.0,0.0
20110520,,0.0,0.0
20110521,0.087,8.21,0.0
20110522,0.087,5.23,2.95
20110523,,0.24,7.92
20110524,,1.46,6.69
20110525,0.095,5.44,0.0
20110526,0.093,2.52,0.0
20110527,0.089,8.03,0.0
20110528,0.085,8.06,0.0
20110529,0.091:,3.61,4.27
20110530,0.088,4.57,3.22
20110531,0.091,6.01,2.03
20110601,0.085,7.72,0.28
20110602,0.088,8.09,0.0
20110603,0.092,7.7,0.0
20110604,,0.0,0.0
20110605,,0.0,0.0
20110606,0.091,3.81,0.36
20110607,0.086,7.35,0.46
20110608,,0.0,0.0
20110609,0.138,5.36,2.42
20110610,,0.0,0.0
20110611,,0.0,0.0
20110612,,0.0,0.0
20110613,,0.0,0.0
20110614,,0.0,0.0
20110615,,0.0,0.0
20110616,,0.0,0.0
20110617,,0.0,0.0
20110618,,0.0,0.0
20110619,,0.0,0.0
20110620,,0.0,0.0
20110621,,0.0,0.0
20110622,,0.0,0.0
20110623,,0.0,0.0
20110624,,0.0,0.0
20110625,,0.0,0.0
20110626,,0.0,0.0
20110627,,0.0,0.0
20110628,,0.0,0.0
20110629,,0.0,0.0
20110630,,0.0,0.0
20110701,,0.0,0.0
20110702,,0.0,0.0
20110703,,0.0,0.0
20110704,,0.0,0.0
20110705,,0.0,0.0
20110706,,0.0,0.0
20110707,,0.0,0.0
20110708,,0.0,0.0
20110709,,0.0,0.0
20110710,,0.0,0.0
20110711,,0.0,0.0
20110712,,0.0,0.0
20110713,,0.0,0.0
20110714,,0.0,0.0
20110715,,0.0,0.0
20110716,,0.0,0.0
20110717,,0.0,0.0
20110718,,0.0,0.0
20110719,0.081,4.28,0.54
20110720,0.087,6.67,0.0
20110721,0.087,7.77,0.0
20110722,0.089,7.88,0.0
20110723,0.087,2.19,0.0
20110724,0.098,7.87,0.0
20110725,0.096,2.81,0.0
20110726,,0.0,0.0
20110727,,0.0,0.0
20110728,,0.0,0.0
20110729,,0.0,0.0
20110730,,0.0,0.0
20110731,,0.0,0.0
20110801,,0.0,0.0
20110802,,0.0,0.0
20110803,,0.0,0.0
20110804,,0.0,0.0
20110805,,0.0,0.0
20110806,,0.0,0.0
20110807,,0.0,0.0
20110808,,0.0,0.0
20110809,,0.0,0.0
20110810,,0.0,0.0
20110811,,0.0,0.0
20110812,,0.0,0.0
20110813,,0.0,0.0
20110814,,0.0,0.0
20110815,,0.0,0.0
20110816,,0.0,0.0
20110817,,0.0,0.0
20110818,,0.0,0.0
20110819,,0.0,0.0
20110820,,0.0,0.0
20110821,,0.0,0.0
20110822,,0.0,0.0
20110823,,0.0,0.0
20110824,,0.0,0.0
20110825,,0.0,0.0
20110826,,0.0,0.0
20110827,,0.0,0.0
20110828,,0.0,0.0
20110829,,0.0,0.0
20110830,,0.0,0.0
20110831,,0.0,0.0
20110901,,0.0,0.0
20110902,,0.0,0.0
20110903,,0.0,0.0
20110904,,0.0,0.0
20110905,,0.0,0.0
20110906,,0.0,0.0
20110907,,0.0,0.0
20110908,,0.0,0.0
20110909,,0.0,0.0
20110910,,0.0,0.0
20110911,,0.0,0.0
20110912,,0.0,0.0
20110913,,0.0,0.0
20110914,,0.0,0.0
20110915,,0.0,0.0
20110916,,0.0,0.0
20110917,,0.0,0.0
20110918,,0.0,0.0
20110919,,0.0,0.0
20110920,,0.0,0.0
20110921,,0.0,0.0
20110922,,0.0,0.0
20110923,,0.0,0.0
20110924,,0.0,0.0
20110925,,0.0,0.0
20110926,,0.0,0.0
20110927,,0.0,0.0
20110928,,0.0,0.0
20110929,,0.0,0.0
20110930,,0.0,0.0
20111001,,0.0,0.0
20111002,,0.0,0.0
20111003,,0.0,0.0
20111004,,0.0,0.0
20111005,,0.0,0.0
20111006,,0.0,0.0
20111007,,0.0,0.0
20111008,,0.0,0.0
20111009,,0.0,0.0
20111010,,0.0,0.0
20111011,,0.0,0.0
20111012,,0.0,0.0
20111013,,0.0,0.0
20111014,,0.0,0.0
20111015,,0.0,0.0
20111016,,0.0,0.0
20111017,,0.0,0.0
20111018,,0.0,0.0
20111019,,0.0,9.37
20111020,,0.0,4.3
20111021,,0.0,0.0
20111022,0.104,9.14,0.0
20111023,0.086,8.19,1.62
20111024,0.095,7.64,0.0
20111025,0.092,10.49,0.0
20111026,0.093,10.4,0.0
20111027,0.092,10.26,0.0
20111028,0.095,10.42,0.0
20111029,0.142:,4.27,6.15
20111030,0.101:,4.61,5.77
20111031,0.097,10.42,0.0
20111101,0.108,6.87,3.64
20111102,0.168,1.61,0.04
20111103,,0.0,0.0
20111104,,0.0,0.0
20111105,0.094,10.55,0.0
20111106,0.102,9.77,0.75
20111107,0.085:,3.35,7.18
20111108,0.090:,3.59,6.9
20111109,,0.0,0.04
20111110,,0.0,9.26
20111111,,0.0,0.0
20111112,,1.58,8.08
20111113,,0.63,0.0
20111114,0.088,10.2,0.57
20111115,0.087,8.49,2.17
20111116,0.110:,3.86,4.17
20111117,0.098,10.69,0.0
20111118,0.160:,6.52,2.55
20111119,,0.0,0.0
20111120,0.093,10.94,0.0
20111121,0.113:,2.17,3.24
20111122,0.093,5.75,0.54
20111123,0.100,4.89,0.0
20111124,0.408:,2.86,4.58
20111125,0.108:,2.81,4.37
20111126,0.096,7.44,0.99
20111127,0.096,11.17,0.0
20111128,0.095,11.25,0.0
20111129,0.096,10.96,0.0
20111130,0.097,11.01,0.0
20111201,0.129,10.54,0.55
20111202,0.095,11.05,0.0
20111203,,0.0,10.99
20111204,,0.0,0.0
20111205,0.081,10.46,0.59
20111206,,2.2,8.53
20111207,0.103,10.94,0.0
20111208,,0.04,0.0
20111209,0.127:,4.58,6.46
20111210,,0.74,10.47
20111211,0.104,9.67,0.66
20111212,0.103,10.18,1.04
20111213,,0.27,0.0
20111214,0.095,11.25,0.0
20111215,0.092,11.14,0.0
20111216,0.093,10.7,0.27
20111217,0.090,11.22,0.0
20111218,0.112,11.2,0.0
20111219,0.088,7.32,0.0
20111220,0.090,11.26,0.0
20111221,0.094,11.26,0.0
20111222,,0.0,0.0
20111223,0.091,11.33,0.0
20111224,0.089,11.05,0.01
20111225,0.094,11.33,0.0
20111226,0.094,11.31,0.0
20111227,0.095,11.33,0.0
20111228,0.106,7.68,1.87
20111229,0.095,10.83,0.52
20111230,0.092,11.42,0.0
20111231,0.093,11.32,0.0
20120101,0.091:,4.0,7.28
20120102,0.130:,3.87,7.39
20120103,0.125:,2.88,8.46
20120104,0.098,11.31,0.0
20120105,0.102,6.65,4.65
20120106,,0.0,11.18
20120107,0.116:,5.08,6.08
20120108,0.098,11.18,0.0
20120109,0.101,11.07,0.0
20120110,0.100,11.22,0.0
20120111,0.140,7.17,3.99
20120112,0.148:,4.51,6.71
20120113,0.170:,4.05,6.85
20120114,0.228:,1.22,9.87
20120115,0.102,11.08,0.0
20120116,0.101,9.68,0.0
20120117,0.106,10.76,0.28
20120118,0.092,11.1,0.0
20120119,0.086,6.39,0.28
20120120,0.092,8.51,0.04
20120121,0.096,9.07,0.32
20120122,0.098,9.86,0.12
20120123,,0.0,0.0
20120124,0.094,3.28,0.05
20120125,0.096,1.81,0.02
20120126,0.089,10.94,0.0
20120127,,0.58,10.37
20120128,0.096,10.89,0.0
20120129,,0.0,10.48
20120130,0.102,8.93,0.0
20120131,0.103,11.05,0.0
20120201,,0.0,0.24
20120202,0.087,11.06,0.0
20120203,0.112,9.25,1.49
20120204,,0.0,10.04
20120205,,0.0,10.79
20120206,,0.0,10.83
20120207,0.091,13.12,8.46
20120208,0.091,10.22,0.46
20120209,0.095,9.28,0.0
20120210,0.110,8.86,1.9
20120211,,0.0,0.0
20120212,,0.15,0.08
20120213,,0.76,0.03
20120214,,0.0,0.0
20120215,,0.0,0.0
20120216,,0.0,0.0
20120217,,0.0,0.0
20120218,0.082,8.71,0.04
20120219,0.090,2.76,0.81
20120220,0.087,10.46,0.0
20120221,0.095,10.12,0.33
20120222,0.097,10.54,0.0
20120223,0.085,10.38,0.0
20120224,0.099,5.24,5.11
20120225,0.085,6.15,2.62
20120226,0.092,2.4,0.08
20120227,,0.0,0.03
20120228,0.091,7.8,0.0
20120229,0.103,6.88,0.0
20120301,0.099,9.42,0.89
20120302,0.108,10.28,0.0
20120303,,0.0,0.0
20120304,0.097,10.22,0.0
20120305,,0.56,9.54
20120306,0.105,7.62,2.56
20120307,0.093:,4.54,5.65
20120308,0.091,6.36,3.81
20120309,,0.0,10.05
20120310,,0.49,9.56
20120311,,0.42,9.53
20120312,0.098,9.39,0.5
20120313,0.091,9.43,0.45
20120314,0.124,9.6,0.34
20120315,,0.0,9.94
20120316,,0.0,8.96
20120317,0.274,9.91,0.0
20120318,0.223:,9.89,0.0
20120319,0.118,9.83,0.0
20120320,0.108,9.76,0.0
20120321,,2.76,6.68
20120322,,0.0,9.69
20120323,0.111,9.69,0.0
20120324,0.106,9.38,0.08
20120325,0.100,9.62,0.0
20120326,0.153,9.6,0.0
20120327,0.210,9.56,0.0
20120328,0.105,9.53,0.0
20120329,0.093,9.44,0.0
20120330,0.113,6.28,0.78
20120331,0.122,6.92,2.23
20120401,,1.01,0.28
20120402,,0.0,0.0
20120403,,0.0,0.04
20120404,,0.0,0.0
20120405,,0.0,0.0
20120406,0.113:,2.5,4.34
20120407,,0.0,0.0
20120408,0.100,6.26,2.91
20120409,0.099,8.2,0.36
20120410,0.103,7.75,0.03
20120411,,0.0,0.0
20120412,0.122,7.55,0.56
20120413,0.100,9.25,0.0
20120414,,0.0,0.0
20120415,0.098,9.02,0.0
20120416,0.093:,1.51,7.47
20120417,0.100:,7.58,1.37
20120418,0.112,8.96,0.0
20120419,0.099,8.93,0.0
20120420,0.094,8.9,0.0
20120421,0.096,8.87,0.0
20120422,0.097,8.81,0.0
20120423,0.089,8.67,0.0
20120424,,0.0,0.0
20120425,0.098,8.69,0.0
20120426,,0.6,6.21
20120427,,0.0,0.0
20120428,,0.0,0.0
20120429,,2.39,6.24
20120430,,0.28,8.33
20120501,0.104,7.75,0.0
20120502,0.088,7.17,0.46
20120503,,1.15,0.0
20120504,0.120:,3.81,4.85
20120505,0.088,7.74,0.88
20120506,0.098,5.63,2.97
20120507,,0.0,5.53
20120508,0.130:,7.25,1.0
20120509,0.125:,1.12,2.18
20120510,,0.0,0.0
20120511,,0.0,8.4
20120512,,0.0,8.5
20120513,,0.0,8.47
20120514,,0.0,8.44
20120515,,0.0,8.43
20120516,0.145:,2.76,5.64
20120517,,0.0,8.38
20120518,0.085:,2.29,5.94
20120519,,0.0,0.88
20120520,0.142,7.74,0.26
20120521,0.094,8.35,0.0
20120522,0.093,8.04,0.0
20120523,0.136:,2.48,5.55
20120524,0.084,7.61,0.39
20120525,0.103,8.0,0.0
20120526,0.093,7.97,0.0
20120527,0.098,7.96,0.0
20120528,0.113,7.77,0.0
20120529,0.098,7.56,0.0
20120530,0.095,7.84,0.0
20120531,0.093,7.73,0.0
20120601,0.103,7.77,0.0
20120602,0.101,7.87,0.0
20120603,0.098,7.86,0.0
20120604,0.102:,1.31,6.55
20120605,0.089,5.36,2.49
20120606,,0.0,0.0
20120607,,1.59,0.0
20120608,0.089,7.8,0.0
20120609,,0.0,0.0
20120610,0.098,15.58,0.0
20120611,0.088,7.79,0.0
20120612,0.086,7.77,0.0
20120613,,0.0,0.0
20120614,0.102,7.76,0.0
20120615,0.109,7.76,0.0
20120616,0.112,7.77,0.0
20120617,,0.0,0.0
20120618,0.104,7.4,0.35
20120619,0.109,7.4,0.35
20120620,0.080,7.76,0.0
20120621,0.086,7.4,0.35
20120622,0.090,7.76,0.0
20120623,0.086,7.75,0.0
20120624,0.210,7.68,0.0
20120625,0.341,7.7,0.0
20120626,0.722,7.33,0.33
20120627,,1.81,5.84
20120628,,0.0,0.0
20120629,0.419,4.48,3.26
20120630,0.244,4.89,2.71
20120701,0.105,7.86,0.0
20120702,0.113,7.58,0.3
20120703,0.110,7.08,0.8
20120704,0.159,5.77,2.1
20120705,0.105,7.85,0.0
20120706,0.092,7.83,0.0
20120707,0.123,7.49,0.28
20120708,0.167,7.6,0.28
20120709,0.280,6.93,0.95
20120710,0.192,7.96,0.0
20120711,0.231,8.03,0.0
20120712,0.147,8.06,0.0
20120713,0.306,8.06,0.0
20120714,0.430,7.81,0.0
20120715,0.429,5.23,2.33
20120716,0.471,7.87,0.0
20120717,0.541,7.47,0.14
20120718,0.212,7.71,0.0
20120719,0.279,8.15,0.0
20120720,,2.9,5.03
20120721,,2.61,5.26
20120722,,0.0,15.8
20120723,0.501,7.57,0.57
20120724,0.405,5.84,2.41
20120725,0.131,8.27,0.0
20120726,0.132,8.19,0.0
20120727,0.132,8.01,0.0
20120728,0.134,7.99,0.0
20120729,0.147,8.21,0.0
20120730,0.298:,12.6,3.66
20120731,,2.07,6.13
20120801,,0.0,8.24
20120802,,0.0,8.4
20120803,,0.0,8.4
20120804,,0.0,8.44
20120805,0.164,8.36,0.0
20120806,0.122,8.51,0.0
20120807,0.120,8.49,0.0
20120808,0.119,8.58,0.0
20120809,,0.0,8.6
20120810,0.406,8.58,0.0
20120811,0.447,8.61,0.0
20120812,0.396,8.39,0.0
20120813,0.265,8.65,0.0
20120814,,0.0,0.0
20120815,,0.0,0.0
20120816,0.134,3.46,0.0
20120817,0.129,8.83,0.0
20120818,0.129,8.85,0.0
20120819,0.135:,8.9,0.0
20120820,0.596,8.52,0.44
20120821,0.390,6.72,2.22
20120822,0.385,6.09,2.83
20120823,,0.0,8.98
20120824,,1.15,8.02
20120825,,1.02,8.12
20120826,0.390,6.66,0.31
20120827,0.195,9.12,0.0
20120828,0.217,7.34,1.68
20120829,0.228,6.78,2.31
20120830,0.278:,4.44,4.68
20120831,,0.0,0.0
20120901,,0.0,0.0
20120902,,0.0,0.0
20120903,,0.0,0.0
