night,run,field,filter,seeing,ellipt,sky,sources
20130628,r993085,ST_PG1525,60s,1.16,0.106,65.5,52
20130628,r993086,ST_PG1525,8s,1.50,0.103,93.3,55
20130628,r993087,ST_PG1525,5s,1.10,0.077,69.9,47
20130628,r993088,ST_L107,120s,1.12,0.107,64.6,57
20130628,r993089,ST_L107,30s,1.32,0.109,121.1,112
20130628,r993090,ST_L107,10s,1.09,0.137,80.4,65
20130628,r993091,ST_PG1657,60s,1.16,0.121,29.1,69
20130628,r993092,ST_PG1657,15s,1.23,0.139,79.7,152
20130628,r993093,ST_PG1657,5s,1.26,0.155,34.4,73
20130628,r993102,Test,,1.56,0.086,20.4,9
20130628,r993103,intphas_4556,Ha,1.68,0.109,41.3,146
20130628,r993104,intphas_4556,r,1.43,0.112,124.0,645
20130628,r993105,intphas_4556,i,1.45,0.119,112.3,669
20130628,r993106,intphas_4556o,Ha,1.56,0.114,41.9,187
20130628,r993107,intphas_4556o,r,1.49,0.103,124.2,642
20130628,r993108,intphas_4556o,i,1.56,0.092,115.2,558
20130628,r993109,intphas_4557,Ha,1.68,0.106,48.7,167
20130628,r993110,intphas_4557,r,1.42,0.128,110.0,806
20130628,r993111,intphas_4557,i,1.29,0.137,76.4,1090
20130628,r993112,intphas_4557o,Ha,1.45,0.148,41.6,252
20130628,r993113,intphas_4557o,r,1.37,0.155,99.9,1017
20130628,r993114,intphas_4557o,i,1.66,0.100,122.1,614
20130628,r993115,intphas_4630o,Ha,1.38,0.106,22.7,268
20130628,r993116,intphas_4630o,r,1.51,0.127,55.5,613
20130628,r993117,intphas_4630o,i,1.47,0.123,46.6,671
20130628,r993118,intphas_4631,Ha,1.51,0.119,38.4,172
20130628,r993119,intphas_4631,r,1.58,0.114,122.5,519
20130628,r993120,intphas_4631,i,1.34,0.132,108.4,826
20130628,r993121,intphas_4704o,Ha,1.51,0.101,45.3,126
20130628,r993122,intphas_4704o,r,1.52,0.112,130.3,409
20130628,r993123,intphas_4704o,i,1.58,0.124,103.8,499
20130628,r993124,intphas_4761,Ha,1.50,0.109,48.1,101
20130628,r993125,intphas_4761,r,1.48,0.144,59.5,309
20130628,r993126,intphas_4761,i,1.39,0.130,119.9,426
20130628,r993127,intphas_4761o,Ha,1.50,0.131,43.1,103
20130628,r993128,intphas_4761o,r,1.46,0.143,132.7,319
20130628,r993129,intphas_4761o,i,1.51,0.102,97.0,313
20130628,r993130,intphas_4762,Ha,1.73,0.185,38.5,92
20130628,r993131,intphas_4762,r,1.50,0.147,120.2,388
20130628,r993132,intphas_4762,i,1.51,0.137,115.4,478
20130628,r993133,intphas_4762o,Ha,1.57,0.162,35.2,108
20130628,r993134,intphas_4762o,r,1.55,0.122,102.0,297
20130628,r993135,intphas_4762o,i,1.54,0.104,95.5,413
20130628,r993136,intphas_4763,Ha,1.56,0.106,37.3,87
20130628,r993137,intphas_4763,r,1.46,0.125,119.3,258
20130628,r993138,intphas_4763,i,1.50,0.145,114.0,423
20130628,r993139,intphas_4763o,Ha,1.44,0.165,40.0,106
20130628,r993140,intphas_4763o,r,1.47,0.117,120.2,272
20130628,r993141,intphas_4763o,i,1.51,0.142,120.2,363
20130628,r993142,intphas_4764,Ha,1.81,0.146,35.9,87
20130628,r993143,intphas_4764,r,1.84,0.120,134.2,243
20130628,r993144,intphas_4764,i,1.85,0.149,119.1,287
20130628,r993145,intphas_4789o,Ha,1.67,0.088,36.3,124
20130628,r993146,intphas_4789o,r,1.88,0.094,105.0,310
20130628,r993147,intphas_4789o,i,1.61,0.114,109.4,472
20130628,r993148,intphas_4805,Ha,1.70,0.104,37.8,87
20130628,r993149,intphas_4805,r,1.70,0.144,112.5,216
20130628,r993150,intphas_4805,i,1.53,0.092,117.6,326
20130628,r993151,intphas_4805o,Ha,1.52,0.088,42.8,105
20130628,r993152,intphas_4805o,r,1.82,0.086,109.0,170
20130628,r993153,intphas_4805o,i,1.61,0.094,104.8,292
20130628,r993154,intphas_4846,Ha,1.57,0.105,30.2,288
20130628,r993155,intphas_4846,r,1.48,0.127,95.5,1110
20130628,r993156,intphas_4846,i,1.59,0.118,108.7,695
20130628,r993157,intphas_4846o,Ha,1.71,0.095,38.4,215
20130628,r993158,intphas_4846o,r,1.89,0.101,119.6,631
20130628,r993159,intphas_4846o,i,1.69,0.107,110.7,642
20130628,r993160,intphas_5032,Ha,1.81,0.086,14.9,178
20130628,r993161,intphas_5032,r,2.00,0.115,100.7,508
20130628,r993162,intphas_5032,i,1.75,0.136,106.2,742
20130628,r993163,intphas_5032o,Ha,1.77,0.098,17.8,192
20130628,r993164,intphas_5032o,r,1.78,0.107,31.6,594
20130628,r993165,intphas_5032o,i,1.58,0.113,115.5,830
20130628,r993166,intphas_4371,Ha,1.70,0.087,42.1,97
20130628,r993167,intphas_4371,r,1.75,0.081,124.0,208
20130628,r993168,intphas_4371,i,1.98,0.074,119.1,195
20130628,r993169,intphas_4371o,Ha,1.64,0.068,47.0,104
20130628,r993170,intphas_4371o,r,1.86,0.057,131.3,190
20130628,r993171,intphas_4371o,i,1.66,0.084,120.6,274
20130628,r993172,intphas_4578,Ha,1.80,0.034,41.9,69
20130628,r993173,intphas_4578,r,1.93,0.056,112.9,118
20130628,r993174,intphas_4578,i,0.01,0.058,121.5,84
20130628,r993175,intphas_4578o,Ha,0.01,0.044,57.2,43
20130628,r993176,intphas_4578o,r,0.01,0.035,127.4,93
20130628,r993177,intphas_4578o,i,1.74,0.066,114.0,149
20130628,r993178,intphas_4607o,Ha,1.96,0.065,55.3,61
20130628,r993179,intphas_4607o,r,1.77,0.054,125.4,159
20130628,r993180,intphas_4607o,i,1.75,0.058,112.8,170
20130628,r993181,intphas_4608,Ha,1.95,0.062,51.7,89
20130628,r993182,intphas_4608,r,0.01,0.059,119.0,224
20130628,r993183,intphas_4608,i,0.01,0.087,108.0,153
20130628,r993184,intphas_4621o,Ha,2.10,0.077,57.7,75
20130628,r993185,intphas_4621o,r,1.81,0.073,121.8,266
20130628,r993186,intphas_4621o,i,1.73,0.086,119.5,286
20130628,r993187,intphas_4637,Ha,1.94,0.056,48.4,81
20130628,r993188,intphas_4637,r,1.93,0.062,126.3,218
20130628,r993189,intphas_4637,i,2.11,0.064,107.9,199
20130628,r993190,intphas_4637o,Ha,2.00,0.051,52.3,79
20130628,r993191,intphas_4637o,r,1.97,0.053,105.5,219
20130628,r993192,intphas_4637o,i,2.16,0.062,117.9,206
20130628,r993193,intphas_4638,Ha,1.95,0.053,48.2,104
20130628,r993194,intphas_4638,r,1.83,0.069,130.9,200
20130628,r993195,intphas_4638,i,1.80,0.083,50.2,228
20130628,r993196,intphas_4638o,Ha,0.01,0.049,58.9,80
20130628,r993197,intphas_4638o,r,0.01,0.124,133.0,185
20130628,r993198,intphas_4638o,i,1.78,0.091,115.5,296
20130628,r993199,intphas_4639,Ha,1.73,0.074,55.1,103
20130628,r993200,intphas_4639,r,2.03,0.055,152.7,176
20130628,r993201,intphas_4639,i,1.82,0.078,130.4,238
20130628,r993202,intphas_4639o,Ha,2.11,0.051,66.2,92
20130628,r993203,intphas_4639o,r,2.09,0.051,138.2,185
20130628,r993204,intphas_4639o,i,2.12,0.087,138.9,187
20130628,r993205,intphas_4640,Ha,2.04,0.048,60.1,64
20130628,r993206,intphas_4640,r,2.00,0.046,157.6,143
20130628,r993207,intphas_4640,i,1.58,0.066,133.4,217
20130628,r993208,intphas_4640o,Ha,1.65,0.078,67.8,92
20130628,r993209,intphas_4640o,r,1.67,0.066,166.5,210
20130628,r993210,intphas_4640o,i,1.65,0.063,143.7,210
20130628,r993211,ST_PG1657,60s,1.68,0.067,39.0,41
20130628,r993212,ST_PG1657,15s,1.54,0.049,90.1,98
20130628,r993213,ST_PG1657,5s,1.56,0.079,65.3,38
20130628,r993214,SA110-246,40s,1.64,0.045,40.9,26
20130628,r993215,SA110-246,4s,1.65,0.037,57.0,25
20130628,r993216,SA110-246,4s,1.69,0.049,57.0,40
20130628,r993217,ST_L111_1969,60s,1.68,0.046,60.9,80
20130628,r993218,ST_L111_1969,15s,1.58,0.058,139.0,282
20130628,r993219,ST_L111_1969,5s,1.75,0.047,73.4,84
20130628,r993220,intphas_4158o,Ha,1.71,0.077,87.6,205
20130628,r993221,intphas_4158o,r,1.52,0.074,190.5,901
20130628,r993222,intphas_4158o,i,1.51,0.099,163.2,910
20130628,r993223,intphas_4386,Ha,1.54,0.058,71.6,74
20130628,r993224,intphas_4386,r,1.46,0.076,217.3,171
20130628,r993225,intphas_4386,i,1.53,0.063,166.6,166
20130628,r993226,intphas_4386o,Ha,1.67,0.065,93.8,61
20130628,r993227,intphas_4386o,r,1.70,0.081,228.4,135
20130628,r993228,intphas_4386o,i,1.52,0.075,168.1,149
20130628,r993229,intphas_4391,Ha,1.83,0.118,76.4,272
20130628,r993230,intphas_4391,r,1.42,0.106,206.3,1354
20130628,r993231,intphas_4391,i,1.39,0.114,56.8,1424
20130628,r993232,intphas_4391o,Ha,1.39,0.086,95.0,394
20130628,r993233,intphas_4391o,r,1.61,0.089,231.2,905
20130628,r993234,intphas_4391o,i,1.65,0.100,90.6,884
20130628,r993235,intphas_4393,Ha,1.59,0.076,104.1,176
20130628,r993236,intphas_4393,r,1.45,0.089,214.8,837
20130628,r993237,intphas_4393,i,1.46,0.099,183.7,923
20130628,r993238,intphas_4393o,Ha,1.40,0.072,92.9,290
20130628,r993239,intphas_4393o,r,1.53,0.089,212.0,688
20130628,r993240,intphas_4393o,i,1.55,0.108,153.1,833
20130628,r993241,intphas_4420,Ha,1.53,0.084,98.3,321
20130628,r993242,intphas_4420,r,1.69,0.108,134.6,879
20130628,r993243,intphas_4420,i,1.82,0.104,61.4,772
20130628,r993244,intphas_4420o,Ha,1.64,0.090,102.6,276
20130628,r993245,intphas_4420o,r,1.87,0.099,260.9,674
20130628,r993246,intphas_4420o,i,1.42,0.110,182.9,1236
20130628,r993247,intphas_4446o,Ha,1.73,0.084,59.1,122
20130628,r993248,intphas_4446o,r,1.79,0.078,258.1,326
20130628,r993249,intphas_4446o,i,1.52,0.098,117.3,584
20130628,r993250,intphas_4595,Ha,2.07,0.173,93.1,240
20130628,r993251,intphas_4595,r,1.56,0.119,213.6,1180
20130628,r993252,intphas_4595,i,1.40,0.113,167.0,1408
20130628,r993253,intphas_4595o,Ha,1.78,0.150,103.9,280
20130628,r993254,intphas_4595o,r,1.70,0.143,196.8,1080
20130628,r993255,intphas_4595o,i,1.64,0.124,174.9,1070
20130628,r993256,intphas_4655,Ha,1.81,0.178,62.7,271
20130628,r993257,intphas_4655,r,1.37,0.109,211.9,1352
20130628,r993258,intphas_4655,i,1.32,0.119,144.8,1362
20130628,r993259,intphas_4655o,Ha,1.38,0.081,105.5,391
20130628,r993260,intphas_4655o,r,1.32,0.103,189.2,1373
20130628,r993261,intphas_4655o,i,1.48,0.121,150.8,1179
20130628,r993262,intphas_4650,Ha,1.35,0.100,92.1,281
20130628,r993263,intphas_4650,r,1.37,0.081,264.0,721
20130628,r993264,intphas_4650,i,1.55,0.084,164.8,604
20130628,r993265,intphas_4650o,Ha,1.32,0.064,83.1,276
20130628,r993266,intphas_4650o,r,1.37,0.069,205.3,653
20130628,r993267,intphas_4650o,i,1.26,0.093,149.7,871
20130628,r993268,intphas_4664,Ha,1.48,0.080,92.7,253
20130628,r993269,intphas_4664,r,1.32,0.081,224.0,934
20130628,r993270,intphas_4664,i,1.20,0.102,176.8,1252
20130628,r993271,intphas_4664o,Ha,1.30,0.070,97.5,382
20130628,r993272,intphas_4664o,r,1.22,0.091,209.4,1296
20130628,r993273,intphas_4664o,i,1.14,0.103,22.9,1549
20130628,r993274,intphas_4678o,Ha,1.43,0.228,83.9,447
20130628,r993275,intphas_4678o,r,1.21,0.095,212.8,1575
20130628,r993276,intphas_4678o,i,1.16,0.108,82.5,1799
20130628,r993277,intphas_4681,Ha,1.17,0.073,82.1,374
20130628,r993278,intphas_4681,r,1.17,0.105,197.9,1153
20130628,r993279,intphas_4681,i,1.09,0.115,153.9,1510
20130628,r993280,intphas_4694,Ha,1.59,0.186,99.3,309
20130628,r993281,intphas_4694,r,1.24,0.083,280.8,1245
20130628,r993282,intphas_4694,i,1.03,0.099,166.0,1908
20130628,r993283,intphas_4694o,Ha,1.25,0.084,95.8,409
20130628,r993284,intphas_4694o,r,1.18,0.090,208.3,1408
20130628,r993285,intphas_4694o,i,1.22,0.100,38.0,1345
20130628,r993286,intphas_4742,Ha,1.66,0.195,61.9,170
20130628,r993287,intphas_4742,r,1.23,0.095,116.3,520
20130628,r993288,intphas_4742,i,1.18,0.077,160.9,665
20130628,r993289,intphas_4742o,Ha,1.14,0.055,100.0,214
20130628,r993290,intphas_4742o,r,1.11,0.082,211.4,545
20130628,r993291,intphas_4742o,i,1.09,0.101,135.3,711
20130628,r993292,intphas_4744,Ha,1.29,0.071,95.0,111
20130628,r993293,intphas_4744,r,1.20,0.050,31.9,290
20130628,r993294,intphas_4744,i,1.08,0.071,31.1,439
20130628,r993295,intphas_4744o,Ha,1.18,0.039,93.2,111
20130628,r993296,intphas_4744o,r,1.21,0.082,243.8,271
20130628,r993297,intphas_4744o,i,1.22,0.067,152.1,322
20130628,r993298,intphas_4758,Ha,1.29,0.065,96.9,168
20130628,r993299,intphas_4758,r,1.19,0.069,194.4,490
20130628,r993300,intphas_4758,i,1.20,0.083,159.8,485
20130628,r993301,intphas_4758o,Ha,1.43,0.069,95.7,130
20130628,r993302,intphas_4758o,r,1.57,0.067,226.7,271
20130628,r993303,intphas_4758o,i,1.49,0.072,158.3,327
20130628,r993304,intphas_4759,Ha,1.63,0.042,82.5,79
20130628,r993305,intphas_4759,r,1.52,0.052,155.4,236
20130628,r993306,intphas_4759,i,1.47,0.106,106.4,302
20130628,r993307,intphas_4759o,Ha,1.49,0.039,103.2,101
20130628,r993308,intphas_4759o,r,1.47,0.037,231.0,272
20130628,r993309,intphas_4759o,i,1.32,0.044,158.7,373
20130628,r993310,intphas_4802o,Ha,2.01,0.147,101.9,76
20130628,r993311,intphas_4802o,r,1.31,0.072,264.3,331
20130628,r993312,intphas_4802o,i,1.32,0.069,163.2,358
20130628,r993313,intphas_5019,Ha,1.78,0.136,99.2,270
20130628,r993314,intphas_5019,r,1.45,0.092,198.7,1081
20130628,r993315,intphas_5019,i,1.71,0.088,152.4,661
20130628,r993316,intphas_5019o,Ha,1.67,0.069,108.2,263
20130628,r993317,intphas_5019o,r,1.73,0.083,215.0,755
20130628,r993318,intphas_5019o,i,2.09,0.087,170.5,443
20130628,r993319,intphas_5036,Ha,1.63,0.063,104.6,112
20130628,r993320,intphas_5036,r,1.68,0.065,264.6,349
20130628,r993321,intphas_5036,i,1.58,0.091,129.6,496
20130628,r993322,intphas_5036o,Ha,1.48,0.051,105.4,154
20130628,r993323,intphas_5036o,r,1.70,0.080,262.3,354
20130628,r993324,intphas_5036o,i,1.69,0.086,163.6,452
20130628,r993325,intphas_5039,Ha,1.64,0.063,106.2,85
20130628,r993326,intphas_5039,r,1.72,0.073,249.5,205
20130628,r993327,intphas_5039,i,1.55,0.080,155.3,346
20130628,r993328,intphas_5039o,Ha,1.74,0.043,101.7,79
20130628,r993329,intphas_5039o,r,1.76,0.058,200.7,214
20130628,r993330,intphas_5039o,i,1.95,0.078,80.2,269
20130628,r993331,intphas_5052,Ha,1.76,0.060,90.1,66
20130628,r993332,intphas_5052,r,1.57,0.069,262.8,146
20130628,r993333,intphas_5052,i,1.72,0.064,164.5,221
20130628,r993334,intphas_5052o,Ha,1.89,0.055,105.5,62
20130628,r993335,intphas_5052o,r,1.79,0.043,273.0,120
20130628,r993336,intphas_5052o,i,1.47,0.075,158.7,251
20130628,r993337,intphas_5095,Ha,1.98,0.116,106.2,74
20130628,r993338,intphas_5095,r,1.90,0.044,264.6,135
20130628,r993339,intphas_5095,i,1.84,0.071,92.0,192
20130628,r993340,intphas_5095o,Ha,2.04,0.044,97.6,70
20130628,r993341,intphas_5095o,r,1.81,0.066,191.5,159
20130628,r993342,intphas_5095o,i,1.90,0.066,137.2,191
20130628,r993343,intphas_5097,Ha,1.80,0.066,104.5,127
20130628,r993344,intphas_5097,r,1.87,0.050,251.7,307
20130628,r993345,intphas_5097,i,1.65,0.069,159.0,357
20130628,r993346,intphas_5097o,Ha,1.51,0.039,104.6,174
20130628,r993347,intphas_5097o,r,1.53,0.048,252.7,386
20130628,r993348,intphas_5097o,i,1.81,0.065,148.3,311
20130628,r993349,intphas_5327,Ha,1.49,0.062,112.8,266
20130628,r993350,intphas_5327,r,1.36,0.081,254.4,851
20130628,r993351,intphas_5327,i,1.59,0.089,153.8,658
20130628,r993352,intphas_5466,Ha,1.77,0.062,105.3,328
20130628,r993353,intphas_5466,r,1.79,0.077,230.4,925
20130628,r993354,intphas_5466,i,1.62,0.102,151.0,824
20130628,r993355,intphas_5466o,Ha,1.73,0.081,111.7,326
20130628,r993356,intphas_5466o,r,0.01,0.094,271.8,563
20130628,r993357,intphas_5466o,i,1.88,0.086,167.0,598
20130628,r993358,intphas_5467,Ha,2.08,0.054,114.4,205
20130628,r993359,intphas_5467,r,1.80,0.082,290.4,805
20130628,r993360,intphas_5467,i,1.64,0.086,170.0,739
20130628,r993361,intphas_5467o,Ha,1.82,0.059,102.6,265
20130628,r993362,intphas_5467o,r,1.69,0.085,233.4,927
20130628,r993363,intphas_5467o,i,1.65,0.081,180.2,728
20130628,r993364,ST_L111_1969,60s,1.75,0.057,75.4,77
20130628,r993365,ST_L111_1969,15s,1.68,0.045,167.4,226
20130628,r993366,ST_L111_1969,5s,1.35,0.051,74.1,123
20130628,r993367,SA112-250,60s,1.67,0.042,93.8,57
20130628,r993368,SA112-250,15s,1.52,0.033,209.3,129
20130628,r993369,SA112-250,5s,1.55,0.040,89.4,59
20130628,r993370,ST_L113,120s,2.37,0.057,181.5,31
20130628,r993371,ST_L113,30s,3.01,0.024,557.5,49
20130628,r993372,ST_L113,10s,2.43,0.060,191.6,21
20130808,r1003505,SA110-246,Ha,1.48,0.092,61.3,28
20130808,r1003506,SA110-246,r,1.48,0.067,62.6,17
20130808,r1003507,SA110-246,i,1.57,0.127,57.6,35
20130808,r1003508,ST_PG1657,Ha,2.40,0.219,66.8,39
20130808,r1003509,ST_PG1657,r,1.54,0.072,132.1,122
20130808,r1003510,ST_PG1657,i,1.71,0.100,76.0,45
20130808,r1003511,ST_PG1657,Ha,1.37,0.065,61.6,55
20130808,r1003512,ST_PG1657,r,1.08,0.062,36.0,145
20130808,r1003513,ST_PG1657,i,1.19,0.084,74.3,54
20130808,r1003514,intphas_4259o,Ha,1.44,0.117,105.1,55
20130808,r1003515,intphas_4259o,r,1.31,0.099,339.9,104
20130808,r1003516,intphas_4259o,i,1.26,0.088,189.5,175
20130808,r1003517,intphas_4577,Ha,1.44,0.102,107.4,93
20130808,r1003518,intphas_4577,r,1.42,0.128,311.5,205
20130808,r1003519,intphas_4577,i,1.17,0.081,185.5,311
20130808,r1003520,intphas_4577o,Ha,1.41,0.107,106.0,90
20130808,r1003521,intphas_4577o,r,1.38,0.162,347.3,213
20130808,r1003522,intphas_4577o,i,1.31,0.112,181.7,257
20130808,r1003523,intphas_5071,Ha,1.53,0.149,89.6,614
20130808,r1003524,intphas_5071,r,1.28,0.132,134.7,2433
20130808,r1003525,intphas_5071,i,1.19,0.122,132.8,1825
20130808,r1003526,intphas_5156,Ha,1.38,0.152,94.6,549
20130808,r1003527,intphas_5156,r,1.32,0.121,228.9,1847
20130808,r1003528,intphas_5156,i,1.16,0.131,171.2,1916
20130808,r1003529,intphas_5156o,Ha,1.41,0.140,90.3,522
20130808,r1003530,intphas_5156o,r,1.19,0.121,258.7,2251
20130808,r1003531,intphas_5156o,i,1.18,0.124,137.6,1769
20130808,r1003532,intphas_5168,Ha,1.34,0.102,88.3,811
20130808,r1003533,intphas_5168,r,1.32,0.124,260.0,2633
20130808,r1003534,intphas_5168,i,1.14,0.124,56.4,2163
20130808,r1003535,intphas_5168o,Ha,1.27,0.112,83.9,936
20130808,r1003536,intphas_5168o,r,1.27,0.165,258.5,2912
20130808,r1003537,intphas_5168o,i,1.17,0.125,121.0,2128
20130808,r1003538,intphas_5171,Ha,1.30,0.108,36.5,498
20130808,r1003539,intphas_5171,r,1.38,0.142,263.9,1548
20130808,r1003540,intphas_5171,i,1.31,0.129,138.9,1342
20130808,r1003541,intphas_5171o,Ha,1.40,0.102,96.4,449
20130808,r1003542,intphas_5171o,r,1.34,0.107,85.9,1491
20130808,r1003543,intphas_5171o,i,1.36,0.143,163.5,1347
20130808,r1003544,intphas_5205,Ha,1.41,0.104,93.6,244
20130808,r1003545,intphas_5205,r,1.34,0.070,273.1,812
20130808,r1003546,intphas_5205,i,1.37,0.083,149.0,820
20130808,r1003547,intphas_5459,Ha,1.39,0.078,97.2,228
20130808,r1003548,intphas_5459,r,1.28,0.083,277.6,726
20130808,r1003549,intphas_5459,i,1.16,0.114,171.1,852
20130808,r1003550,intphas_5459o,Ha,1.30,0.085,93.6,281
20130808,r1003551,intphas_5459o,r,1.29,0.123,267.9,860
20130808,r1003552,intphas_5459o,i,1.32,0.142,161.5,819
20130808,r1003553,intphas_5656,Ha,1.28,0.078,96.3,244
20130808,r1003554,intphas_5656,r,1.32,0.096,277.2,626
20130808,r1003555,intphas_5656,i,1.26,0.087,165.5,619
20130808,r1003556,intphas_5656o,Ha,1.39,0.104,77.9,222
20130808,r1003557,intphas_5656o,r,1.38,0.153,270.2,588
20130808,r1003558,intphas_5656o,i,1.28,0.096,167.8,622
20130808,r1003559,intphas_5658,Ha,1.33,0.105,88.7,252
20130808,r1003560,intphas_5658,r,1.26,0.114,249.3,684
20130808,r1003561,intphas_5658,i,1.20,0.092,156.8,689
20130808,r1003562,intphas_5658o,Ha,1.29,0.084,78.4,280
20130808,r1003563,intphas_5658o,r,1.19,0.067,258.5,763
20130808,r1003564,intphas_5658o,i,1.15,0.080,153.8,747
20130808,r1003565,intphas_5150,Ha,1.63,0.267,47.7,767
20130808,r1003566,intphas_5150,r,1.33,0.172,98.8,2660
20130808,r1003567,intphas_5150,i,1.14,0.146,121.3,2223
20130808,r1003568,intphas_5150o,Ha,1.13,0.101,84.9,1051
20130808,r1003569,intphas_5150o,r,1.08,0.098,205.0,3321
20130808,r1003570,intphas_5150o,i,0.97,0.113,141.6,2513
20130808,r1003571,intphas_5211,Ha,1.42,0.178,88.5,846
20130808,r1003572,intphas_5211,r,1.17,0.119,122.0,2966
20130808,r1003573,intphas_5211,i,1.09,0.132,110.2,2373
20130808,r1003574,intphas_5237o,Ha,2.06,0.259,64.2,491
20130808,r1003575,intphas_5237o,r,1.21,0.127,123.2,2443
20130808,r1003576,intphas_5237o,i,1.09,0.135,117.5,2090
20130808,r1003577,intphas_5630,Ha,1.04,0.096,90.1,659
20130808,r1003578,intphas_5630,r,1.10,0.101,119.4,1762
20130808,r1003579,intphas_5630,i,1.07,0.119,109.7,1548
20130808,r1003580,intphas_5630o,Ha,1.16,0.096,89.0,540
20130808,r1003581,intphas_5630o,r,1.14,0.117,106.3,1609
20130808,r1003582,intphas_5630o,i,1.11,0.100,103.5,1297
20130808,r1003583,intphas_5920,Ha,1.28,0.109,296.7,209
20130808,r1003584,intphas_5920,r,1.20,0.090,350.4,496
20130808,r1003585,intphas_5920,i,1.32,0.085,355.7,440
20130808,r1003586,intphas_5920o,Ha,1.21,0.062,284.8,191
20130808,r1003587,intphas_5920o,r,1.17,0.060,347.2,439
20130808,r1003588,intphas_5920o,i,1.24,0.088,379.1,443
20130808,r1003589,intphas_5931,Ha,1.36,0.127,295.4,188
20130808,r1003590,intphas_5931,r,1.11,0.082,336.9,429
20130808,r1003591,intphas_5931,i,1.12,0.089,365.0,419
20130808,r1003592,intphas_5931o,Ha,1.26,0.075,261.9,181
20130808,r1003593,intphas_5931o,r,1.25,0.057,356.9,363
20130808,r1003594,intphas_5931o,i,1.09,0.105,361.0,451
20130808,r1003595,intphas_6133o,Ha,1.30,0.135,77.4,153
20130808,r1003596,intphas_6133o,r,1.21,0.071,119.8,260
20130808,r1003597,intphas_6133o,i,1.19,0.062,136.8,264
20130808,r1003598,intphas_6141,Ha,1.18,0.071,74.9,199
20130808,r1003599,intphas_6141,r,1.09,0.073,138.7,509
20130808,r1003600,intphas_6141,i,1.18,0.094,106.4,433
20130808,r1003601,intphas_6141o,Ha,1.18,0.095,75.9,195
20130808,r1003602,intphas_6141o,r,1.08,0.070,118.1,567
20130808,r1003603,intphas_6141o,i,1.04,0.093,129.5,556
20130808,r1003604,intphas_6145,Ha,1.12,0.058,70.3,136
20130808,r1003605,intphas_6145,r,1.01,0.063,121.6,253
20130808,r1003606,intphas_6145,i,1.06,0.054,141.9,274
20130808,r1003607,intphas_6146,Ha,1.08,0.063,73.2,569
20130808,r1003608,intphas_6146,r,1.13,0.098,116.0,1519
20130808,r1003609,intphas_6146,i,0.99,0.125,137.3,1411
20130808,r1003610,intphas_6146o,Ha,1.04,0.083,80.6,649
20130808,r1003611,intphas_6146o,r,1.00,0.099,115.3,1786
20130808,r1003612,intphas_6146o,i,0.92,0.107,113.8,1578
20130808,r1003613,intphas_6149,Ha,1.07,0.080,72.0,455
20130808,r1003614,intphas_6149,r,1.14,0.117,111.3,1032
20130808,r1003615,intphas_6149,i,1.01,0.089,127.1,1103
20130808,r1003616,intphas_6149o,Ha,1.09,0.066,77.1,445
20130808,r1003617,intphas_6149o,r,1.03,0.062,132.7,1188
20130808,r1003618,intphas_6149o,i,0.95,0.077,132.1,1194
20130808,r1003619,intphas_6154,Ha,1.14,0.150,79.8,187
20130808,r1003620,intphas_6154,r,1.09,0.067,116.6,362
20130808,r1003621,intphas_6154,i,1.00,0.105,144.3,558
20130808,r1003622,intphas_6357,Ha,1.35,0.209,69.2,290
20130808,r1003623,intphas_6357,r,1.07,0.130,100.9,940
20130808,r1003624,intphas_6357,i,1.07,0.121,133.5,891
20130808,r1003625,intphas_5251,Ha,1.18,0.095,65.8,951
20130808,r1003626,intphas_5251,r,0.98,0.102,54.1,3899
20130808,r1003627,intphas_5251,i,0.90,0.108,134.8,3094
20130808,r1003628,intphas_5251o,Ha,1.12,0.092,34.6,1037
20130808,r1003629,intphas_5251o,r,1.08,0.111,86.4,3170
20130808,r1003630,intphas_5251o,i,1.10,0.114,60.5,2379
20130808,r1003631,intphas_5280,Ha,1.29,0.130,35.6,858
20130808,r1003632,intphas_5280,r,1.14,0.110,73.0,3097
20130808,r1003633,intphas_5280,i,1.02,0.103,34.8,2603
20130808,r1003634,intphas_5280o,Ha,1.13,0.087,59.1,942
20130808,r1003635,intphas_5280o,r,1.05,0.114,103.7,3279
20130808,r1003636,intphas_5280o,i,1.01,0.101,109.3,2650
20130808,r1003637,intphas_5317,Ha,1.21,0.180,75.6,896
20130808,r1003638,intphas_5317,r,0.96,0.121,72.3,3196
20130808,r1003639,intphas_5317,i,0.88,0.105,71.3,2739
20130808,r1003640,intphas_5371,Ha,1.06,0.101,61.1,697
20130808,r1003641,intphas_5371,r,0.89,0.098,52.8,2454
20130808,r1003642,intphas_5371,i,0.85,0.111,112.3,2184
20130808,r1003643,intphas_5371o,Ha,1.11,0.108,64.1,643
20130808,r1003644,intphas_5371o,r,0.96,0.085,94.7,2080
20130808,r1003645,intphas_5371o,i,0.87,0.091,69.6,1999
20130808,r1003646,intphas_5472,Ha,1.01,0.107,75.0,1133
20130808,r1003647,intphas_5472,r,0.96,0.094,116.4,3449
20130808,r1003648,intphas_5472,i,0.89,0.090,109.5,2532
20130808,r1003649,intphas_5478,Ha,1.04,0.053,69.9,382
20130808,r1003650,intphas_5478,r,0.98,0.098,121.2,1063
20130808,r1003651,intphas_5478,i,0.97,0.136,31.1,1115
20130808,r1003652,intphas_5478o,Ha,1.04,0.077,66.1,435
20130808,r1003653,intphas_5478o,r,0.98,0.070,106.4,1056
20130808,r1003654,intphas_5478o,i,0.94,0.091,117.6,1158
20130808,r1003655,intphas_5553,Ha,1.57,0.162,67.7,259
20130808,r1003656,intphas_5553,r,1.30,0.077,223.3,816
20130808,r1003657,intphas_5553,i,1.20,0.077,267.5,835
20130808,r1003658,intphas_5553o,Ha,1.23,0.052,213.9,347
20130808,r1003659,intphas_5553o,r,1.08,0.080,257.9,955
20130808,r1003660,intphas_5553o,i,1.07,0.062,274.8,930
20130808,r1003661,intphas_5624o,Ha,1.12,0.145,236.8,726
20130808,r1003662,intphas_5624o,r,1.03,0.123,286.6,1937
20130808,r1003663,intphas_5624o,i,1.04,0.154,284.8,1766
20130808,r1003664,intphas_5661,Ha,1.28,0.045,73.7,159
20130808,r1003665,intphas_5661,r,1.15,0.046,120.6,340
20130808,r1003666,intphas_5661,i,1.02,0.060,58.5,424
20130808,r1003667,intphas_5661o,Ha,1.15,0.039,68.7,184
20130808,r1003668,intphas_5661o,r,1.16,0.037,68.9,335
20130808,r1003669,intphas_5661o,i,1.04,0.045,138.7,445
20130808,r1003670,intphas_5685o,Ha,1.84,0.224,72.7,118
20130808,r1003671,intphas_5685o,r,1.16,0.067,133.0,307
20130808,r1003672,intphas_5685o,i,1.13,0.064,145.2,360
20130808,r1003673,ST_NGC7006,Ha,1.51,0.167,65.3,129
20130808,r1003674,ST_NGC7006,r,1.08,0.073,98.3,479
20130808,r1003675,ST_NGC7006,i,0.95,0.080,88.4,205
20130808,r1003676,ST_NGC7006,He1,1.60,0.099,59.2,72
20130808,r1003677,ST_NGC7006,r,0.94,0.047,64.4,246
20130808,r1003678,ST_NGC7006,U,1.49,0.149,63.1,80
20130808,r1003679,ST_NGC7006,g,1.07,0.061,50.6,159
20130808,r1003680,SA113-260,Ha,1.29,0.072,46.5,31
20130808,r1003681,SA113-260,r,1.10,0.088,63.0,80
20130808,r1003682,SA113-260,i,1.06,0.044,84.4,66
20130808,r1003683,SA113-260,He1,1.39,0.043,48.4,20
20130808,r1003684,SA113-260,r,1.17,0.062,44.3,28
20130808,r1003685,SA113-260,U,1.25,0.063,40.7,17
20130808,r1003686,SA113-260,g,1.24,0.045,39.5,25
20130808,r1003687,uvex_0219,He1,1.46,0.074,72.1,131
20130808,r1003688,uvex_0219,r,1.30,0.061,130.8,607
20130808,r1003689,uvex_0219,U,1.43,0.100,70.7,76
20130808,r1003690,uvex_0219,g,1.30,0.082,88.8,400
20130808,r1003691,uvex_0219o,He1,1.46,0.071,61.5,154
20130808,r1003692,uvex_0219o,r,1.39,0.047,93.4,570
20130808,r1003693,uvex_0219o,U,1.54,0.056,62.8,65
20130808,r1003694,uvex_0219o,g,1.42,0.095,52.8,353
20130808,r1003695,uvex_0284,He1,1.57,0.068,62.2,118
20130808,r1003696,uvex_0284,r,1.45,0.092,106.1,647
20130808,r1003697,uvex_0284,U,1.51,0.097,60.3,75
20130808,r1003698,uvex_0284,g,1.35,0.081,77.1,429
20130808,r1003699,uvex_0285o,He1,1.56,0.123,58.5,70
20130808,r1003700,uvex_0285o,r,1.42,0.069,113.5,350
20130808,r1003701,uvex_0285o,U,1.53,0.097,60.5,34
20130808,r1003702,uvex_0285o,g,1.44,0.098,74.7,161
20130808,r1003703,uvex_0324o,He1,1.62,0.109,63.5,142
20130808,r1003704,uvex_0324o,r,1.31,0.056,126.9,698
20130808,r1003705,uvex_0324o,U,1.53,0.087,71.1,91
20130808,r1003706,uvex_0324o,g,1.44,0.089,82.4,399
20130808,r1003707,uvex_0325o,He1,1.55,0.066,61.1,66
20130808,r1003708,uvex_0325o,r,1.35,0.055,80.3,281
20130808,r1003709,uvex_0325o,U,1.53,0.084,61.9,29
20130808,r1003710,uvex_0325o,g,1.43,0.091,75.2,135
20130808,r1003711,uvex_0326,He1,1.44,0.093,59.6,71
20130808,r1003712,uvex_0326,r,1.30,0.065,121.5,378
20130808,r1003713,uvex_0326,U,1.41,0.092,57.9,34
20130808,r1003714,uvex_0326,g,1.32,0.107,56.1,169
20130808,r1003715,uvex_0331,He1,1.47,0.066,55.6,165
20130808,r1003716,uvex_0331,r,1.20,0.081,118.6,847
20130808,r1003717,uvex_0331,U,1.40,0.098,56.9,95
20130808,r1003718,uvex_0331,g,1.28,0.065,69.6,526
20130808,r1003719,uvex_0331o,He1,1.51,0.056,65.5,139
20130808,r1003720,uvex_0331o,r,1.37,0.064,109.2,680
20130808,r1003721,uvex_0331o,U,1.49,0.089,64.9,75
20130808,r1003722,uvex_0331o,g,1.50,0.084,69.9,412
20130808,r1003723,uvex_0332o,He1,1.36,0.066,64.8,134
20130808,r1003724,uvex_0332o,r,1.30,0.089,57.5,538
20130808,r1003725,uvex_0332o,U,1.53,0.069,67.0,55
20130808,r1003726,uvex_0332o,g,1.41,0.085,85.0,281
20130808,r1003727,uvex_0333o,He1,1.44,0.066,64.4,162
20130808,r1003728,uvex_0333o,r,1.31,0.065,105.0,712
20130808,r1003729,uvex_0333o,U,1.36,0.085,67.7,92
20130808,r1003730,uvex_0333o,g,1.21,0.087,81.3,529
20130808,r1003731,uvex_0334,He1,1.46,0.083,68.1,95
20130808,r1003732,uvex_0334,r,1.25,0.054,48.4,436
20130808,r1003733,uvex_0334,U,1.39,0.069,69.1,49
20130808,r1003734,uvex_0334,g,1.33,0.064,86.7,224
20130808,r1003735,uvex_0334o,He1,1.53,0.104,67.3,77
20130808,r1003736,uvex_0334o,r,1.30,0.069,71.5,330
20130808,r1003737,uvex_0334o,U,1.39,0.077,59.9,51
20130808,r1003738,uvex_0334o,g,1.35,0.078,74.5,169
20130808,r1003739,uvex_0335,He1,1.54,0.082,65.9,149
20130808,r1003740,uvex_0335,r,1.30,0.075,91.6,857
20130808,r1003741,uvex_0335,U,1.49,0.060,69.3,100
20130808,r1003742,uvex_0335,g,1.31,0.071,54.6,583
20130808,r1003743,uvex_0335o,He1,1.46,0.076,62.2,203
20130808,r1003744,uvex_0335o,r,1.38,0.059,123.9,795
20130808,r1003745,uvex_0335o,U,1.42,0.064,70.3,122
20130808,r1003746,uvex_0335o,g,1.32,0.058,79.9,617
20130808,r1003747,uvex_0336,He1,1.60,0.128,65.4,132
20130808,r1003748,uvex_0336,r,1.39,0.069,92.1,605
20130808,r1003749,uvex_0336,U,1.35,0.061,65.5,102
20130808,r1003750,uvex_0336,g,1.22,0.066,83.2,481
20130808,r1003751,uvex_0336o,He1,1.48,0.096,64.2,148
20130808,r1003752,uvex_0336o,r,1.21,0.085,117.7,784
20130808,r1003753,uvex_0336o,U,1.30,0.053,70.7,99
20130808,r1003754,uvex_0336o,g,1.27,0.063,86.5,442
20130808,r1003755,uvex_0337,He1,1.44,0.067,68.5,222
20130808,r1003756,uvex_0337,r,1.22,0.070,87.6,1144
20130808,r1003757,uvex_0337,U,1.38,0.071,76.4,153
20130808,r1003758,uvex_0337,g,1.26,0.070,62.3,811
20130808,r1003759,uvex_0337o,He1,1.47,0.116,71.4,229
20130808,r1003760,uvex_0337o,r,1.26,0.074,65.0,1054
20130808,r1003761,uvex_0337o,U,1.34,0.053,71.0,172
20130808,r1003762,uvex_0337o,g,1.23,0.080,84.9,827
20130808,r1003763,SA95-271,He1,1.70,0.096,367.0,21
20130808,r1003764,SA95-271,r,1.40,0.070,354.5,33
20130808,r1003765,SA95-271,U,1.69,0.130,382.5,19
20130808,r1003766,SA95-271,g,1.50,0.064,385.6,36
20130808,r1003767,HZ4,He1,1.69,0.114,403.5,40
20130808,r1003768,HZ4,r,1.41,0.061,441.6,65
20130808,r1003769,HZ4,U,1.66,0.120,483.5,29
20130808,r1003770,HZ4,g,1.46,0.066,512.4,51
20130808,r1003771,SA95-271,Ha,1.69,0.093,389.2,24
20130808,r1003772,SA95-271,r,1.53,0.046,563.3,47
20130808,r1003773,SA95-271,i,1.38,0.074,566.9,43
20130808,r1003774,HZ4,Ha,1.49,0.067,589.1,51
20130808,r1003775,HZ4,r,1.46,0.041,698.8,61
20130808,r1003776,HZ4,i,1.40,0.062,749.6,53
20130809,r1003813,ST_PG1657,Ha,1.02,0.065,51.1,77
20130809,r1003814,ST_PG1657,r,1.05,0.089,88.4,183
20130809,r1003815,ST_PG1657,i,0.93,0.079,59.9,86
20130809,r1003816,SA110-246,Ha,1.12,0.119,45.5,42
20130809,r1003817,SA110-246,r,1.10,0.084,38.8,26
20130809,r1003818,SA110-246,i,1.11,0.095,48.6,65
20130809,r1003819,intphas_5688,Ha,1.34,0.153,61.6,318
20130809,r1003820,intphas_5688,r,1.25,0.130,114.7,805
20130809,r1003821,intphas_5688,i,1.21,0.142,107.5,858
20130809,r1003822,intphas_5688o,Ha,1.29,0.145,56.2,329
20130809,r1003823,intphas_5688o,r,1.33,0.143,124.2,680
20130809,r1003824,intphas_5688o,i,1.24,0.139,118.6,728
20130809,r1003825,intphas_5697,Ha,1.28,0.113,50.0,165
20130809,r1003826,intphas_5697,r,1.45,0.154,105.7,353
20130809,r1003827,intphas_5697,i,1.40,0.148,113.0,445
20130809,r1003828,intphas_5697o,Ha,1.34,0.152,54.9,204
20130809,r1003829,intphas_5697o,r,1.37,0.126,24.4,384
20130809,r1003830,intphas_5697o,i,1.36,0.156,122.1,506
20130809,r1003831,intphas_5814,Ha,1.31,0.181,74.1,294
20130809,r1003832,intphas_5814,r,1.35,0.181,117.7,757
20130809,r1003833,intphas_5814,i,1.38,0.234,119.4,677
20130809,r1003834,intphas_5845,Ha,1.38,0.181,65.7,323
20130809,r1003835,intphas_5845,r,1.37,0.154,130.6,796
20130809,r1003836,intphas_5845,i,1.27,0.145,133.0,836
20130809,r1003837,intphas_5845o,Ha,1.34,0.163,60.5,306
20130809,r1003838,intphas_5845o,r,1.32,0.173,126.0,773
20130809,r1003839,intphas_5845o,i,1.36,0.159,124.6,867
20130809,r1003840,intphas_5846,Ha,1.32,0.151,70.5,255
20130809,r1003841,intphas_5846,r,1.46,0.222,52.8,516
20130809,r1003842,intphas_5846,i,1.25,0.144,51.7,713
20130809,r1003843,intphas_5849,Ha,1.40,0.131,70.7,258
20130809,r1003844,intphas_5849,r,1.36,0.105,111.7,582
20130809,r1003845,intphas_5849,i,1.32,0.132,111.9,658
20130809,r1003846,intphas_5849o,Ha,1.33,0.150,66.5,277
20130809,r1003847,intphas_5849o,r,1.30,0.150,100.9,652
20130809,r1003848,intphas_5849o,i,1.19,0.133,93.7,751
20130809,r1003849,intphas_5948,Ha,1.25,0.152,58.9,308
20130809,r1003850,intphas_5948,r,1.30,0.156,104.1,682
20130809,r1003851,intphas_5948,i,1.20,0.153,52.9,805
20130809,r1003852,intphas_5948o,Ha,1.31,0.157,64.6,303
20130809,r1003853,intphas_5948o,r,1.38,0.159,82.9,659
20130809,r1003854,intphas_5948o,i,1.32,0.170,122.7,714
20130809,r1003855,intphas_5970,Ha,1.32,0.144,58.0,330
20130809,r1003856,intphas_5970,r,1.31,0.134,110.3,819
20130809,r1003857,intphas_5970,i,1.31,0.164,105.2,955
20130809,r1003858,intphas_5970o,Ha,1.36,0.181,53.3,318
20130809,r1003859,intphas_5970o,r,1.29,0.174,100.0,894
20130809,r1003860,intphas_5970o,i,1.33,0.181,104.3,835
20130809,r1003861,intphas_5974,Ha,1.29,0.167,55.2,449
20130809,r1003862,intphas_5974,r,1.34,0.164,32.9,1017
20130809,r1003863,intphas_5974,i,1.35,0.193,70.5,923
20130809,r1003864,intphas_5974o,Ha,1.28,0.167,60.4,470
20130809,r1003865,intphas_5974o,r,1.26,0.134,57.6,1216
20130809,r1003866,intphas_5974o,i,1.27,0.172,59.6,1213
20130809,r1003867,intphas_6114o,Ha,1.21,0.130,73.6,378
20130809,r1003868,intphas_6114o,r,1.29,0.166,111.0,877
20130809,r1003869,intphas_6114o,i,1.19,0.144,104.4,968
20130809,r1003870,intphas_6119,Ha,1.18,0.130,64.5,423
20130809,r1003871,intphas_6119,r,1.25,0.139,111.8,977
20130809,r1003872,intphas_6119,i,1.20,0.121,115.6,930
20130809,r1003873,intphas_6180,Ha,1.24,0.136,68.7,616
20130809,r1003874,intphas_6180,r,1.30,0.131,111.1,1674
20130809,r1003875,intphas_6180,i,1.32,0.161,122.1,1456
20130809,r1003876,intphas_6180o,Ha,1.22,0.131,62.9,686
20130809,r1003877,intphas_6180o,r,1.21,0.127,107.3,1910
20130809,r1003878,intphas_6180o,i,1.23,0.117,120.8,1404
20130809,r1003879,intphas_6254o,Ha,1.24,0.119,63.8,185
20130809,r1003880,intphas_6254o,r,1.26,0.141,106.8,415
20130809,r1003881,intphas_6254o,i,1.22,0.152,108.0,506
20130809,r1003882,intphas_6383,Ha,1.29,0.150,71.5,250
20130809,r1003883,intphas_6383,r,1.23,0.153,111.1,742
20130809,r1003884,intphas_6383,i,1.16,0.134,117.0,908
20130809,r1003885,intphas_6386,Ha,1.18,0.118,64.4,94
20130809,r1003886,intphas_6386,r,1.20,0.111,109.4,212
20130809,r1003887,intphas_6386,i,1.21,0.128,121.4,270
20130809,r1003888,intphas_6386o,Ha,1.18,0.112,64.1,99
20130809,r1003889,intphas_6386o,r,1.17,0.109,119.3,230
20130809,r1003890,intphas_6386o,i,1.18,0.135,128.8,302
20130809,r1003891,intphas_6394,Ha,1.20,0.122,52.4,739
20130809,r1003892,intphas_6394,r,1.19,0.134,34.5,2007
20130809,r1003893,intphas_6394,i,1.15,0.127,35.7,1942
20130809,r1003894,intphas_6394o,Ha,1.16,0.098,48.5,686
20130809,r1003895,intphas_6394o,r,1.16,0.123,80.2,1933
20130809,r1003896,intphas_6394o,i,1.16,0.126,68.9,1696
20130809,r1003897,intphas_6400,Ha,1.09,0.091,63.1,288
20130809,r1003898,intphas_6400,r,1.17,0.116,113.3,750
20130809,r1003899,intphas_6400,i,1.09,0.127,121.8,942
20130809,r1003900,intphas_6400o,Ha,1.16,0.102,70.5,248
20130809,r1003901,intphas_6400o,r,1.17,0.117,117.8,678
20130809,r1003902,intphas_6400o,i,1.14,0.110,126.2,749
20130809,r1003903,intphas_6411,Ha,1.23,0.123,62.0,64
20130809,r1003904,intphas_6411,r,1.19,0.115,119.9,136
20130809,r1003905,intphas_6411,i,1.20,0.115,74.0,190
20130809,r1003906,intphas_6411o,Ha,1.17,0.101,62.7,79
20130809,r1003907,intphas_6411o,r,1.20,0.106,125.0,147
20130809,r1003908,intphas_6411o,i,1.16,0.121,127.0,225
20130809,r1003909,intphas_6427,Ha,1.21,0.140,59.4,106
20130809,r1003910,intphas_6427,r,1.22,0.140,106.1,251
20130809,r1003911,intphas_6427,i,1.21,0.138,113.7,355
20130809,r1003912,intphas_6427o,Ha,1.12,0.099,56.1,110
20130809,r1003913,intphas_6427o,r,1.18,0.120,112.9,236
20130809,r1003914,intphas_6427o,i,1.17,0.119,109.6,331
20130809,r1003915,intphas_6612o,Ha,1.24,0.157,49.8,636
20130809,r1003916,intphas_6612o,r,1.24,0.145,88.7,1800
20130809,r1003917,intphas_6612o,i,1.34,0.196,85.3,1338
20130809,r1003918,intphas_6636o,Ha,1.21,0.191,61.6,579
20130809,r1003919,intphas_6636o,r,1.14,0.120,104.2,1906
20130809,r1003920,intphas_6636o,i,1.16,0.127,103.6,1329
20130809,r1003921,intphas_6641,Ha,1.13,0.113,60.8,475
20130809,r1003922,intphas_6641,r,1.16,0.109,98.6,1104
20130809,r1003923,intphas_6641,i,1.11,0.142,108.4,1194
20130809,r1003924,intphas_6641o,Ha,1.12,0.111,63.8,400
20130809,r1003925,intphas_6641o,r,1.22,0.127,93.2,998
20130809,r1003926,intphas_6641o,i,1.10,0.115,100.3,1109
20130809,r1003927,intphas_6659,Ha,1.25,0.158,60.8,678
20130809,r1003928,intphas_6659,r,1.23,0.146,113.6,1836
20130809,r1003929,intphas_6659,i,1.18,0.135,71.7,1674
20130809,r1003930,intphas_6659o,Ha,1.15,0.127,67.6,729
20130809,r1003931,intphas_6659o,r,1.19,0.106,82.4,1847
20130809,r1003932,intphas_6659o,i,1.16,0.106,123.9,1500
20130809,r1003933,intphas_6680,Ha,1.24,0.133,60.9,640
20130809,r1003934,intphas_6680,r,1.14,0.111,98.8,1782
20130809,r1003935,intphas_6680,i,1.05,0.114,99.8,1593
20130809,r1003936,intphas_6690,Ha,1.22,0.132,57.6,612
20130809,r1003937,intphas_6690,r,1.13,0.101,60.5,1879
20130809,r1003938,intphas_6690,i,1.23,0.101,115.6,1216
20130809,r1003939,intphas_6690o,Ha,1.24,0.111,58.2,564
20130809,r1003940,intphas_6690o,r,1.22,0.121,59.9,1663
20130809,r1003941,intphas_6690o,i,1.10,0.103,58.6,1479
20130809,r1003942,intphas_6692,Ha,1.10,0.121,34.3,922
20130809,r1003943,intphas_6692,r,1.13,0.127,68.3,2290
20130809,r1003944,intphas_6692,i,1.06,0.125,40.3,1846
20130809,r1003945,intphas_6692o,Ha,1.09,0.098,62.8,976
20130809,r1003946,intphas_6692o,r,1.23,0.150,109.5,2150
20130809,r1003947,intphas_6692o,i,1.06,0.124,106.5,1956
20130809,r1003948,intphas_6699,Ha,1.14,0.121,59.1,691
20130809,r1003949,intphas_6699,r,1.04,0.106,98.5,1880
20130809,r1003950,intphas_6699,i,1.11,0.098,103.2,1262
20130809,r1003951,intphas_6699o,Ha,1.10,0.104,56.1,696
20130809,r1003952,intphas_6699o,r,1.07,0.104,106.6,1776
20130809,r1003953,intphas_6699o,i,0.95,0.102,104.2,1467
20130809,r1003954,intphas_6700,Ha,1.07,0.086,66.1,706
20130809,r1003955,intphas_6700,r,1.06,0.094,114.0,1933
20130809,r1003956,intphas_6700,i,1.04,0.107,96.9,1577
20130809,r1003957,intphas_6700o,Ha,1.09,0.100,66.0,706
20130809,r1003958,intphas_6700o,r,1.04,0.119,90.8,2043
20130809,r1003959,intphas_6700o,i,0.99,0.112,87.4,1631
20130809,r1003960,intphas_6711,Ha,1.17,0.166,70.8,576
20130809,r1003961,intphas_6711,r,1.18,0.134,113.8,1363
20130809,r1003962,intphas_6711,i,1.10,0.132,62.5,1131
20130809,r1003963,intphas_6711o,Ha,1.13,0.089,66.2,545
20130809,r1003964,intphas_6711o,r,1.08,0.084,107.5,1409
20130809,r1003965,intphas_6711o,i,0.95,0.112,105.0,1390
20130809,r1003966,intphas_6567,Ha,1.42,0.201,62.3,189
20130809,r1003967,intphas_6567,r,1.05,0.079,103.4,481
20130809,r1003968,intphas_6567,i,1.10,0.090,106.1,463
20130809,r1003969,intphas_6567o,Ha,1.06,0.070,68.3,201
20130809,r1003970,intphas_6567o,r,1.10,0.078,75.8,454
20130809,r1003971,intphas_6567o,i,1.08,0.078,87.5,531
20130809,r1003972,intphas_6693,Ha,1.23,0.108,70.0,464
20130809,r1003973,intphas_6693,r,1.12,0.100,68.5,1257
20130809,r1003974,intphas_6693,i,0.95,0.095,53.5,1353
20130809,r1003975,intphas_6693o,Ha,1.05,0.102,63.5,581
20130809,r1003976,intphas_6693o,r,1.14,0.089,108.1,1251
20130809,r1003977,intphas_6693o,i,1.04,0.084,117.7,1210
20130809,r1003978,intphas_6697,Ha,1.04,0.059,62.6,734
20130809,r1003979,intphas_6697,r,1.10,0.086,81.4,1742
20130809,r1003980,intphas_6697,i,1.05,0.114,82.6,1519
20130809,r1003981,intphas_6697o,Ha,1.04,0.088,61.9,723
20130809,r1003982,intphas_6697o,r,1.07,0.081,62.0,1799
20130809,r1003983,intphas_6697o,i,1.08,0.076,62.0,1409
20130809,r1003984,intphas_6698,Ha,1.03,0.076,72.7,225
20130809,r1003985,intphas_6698,r,0.97,0.069,103.6,658
20130809,r1003986,intphas_6698,i,0.95,0.080,111.7,672
20130809,r1003987,intphas_6698o,Ha,1.12,0.127,78.4,193
20130809,r1003988,intphas_6698o,r,1.04,0.074,125.9,597
20130809,r1003989,intphas_6698o,i,1.05,0.086,130.9,576
20130809,r1003990,intphas_6701,Ha,1.01,0.059,66.3,276
20130809,r1003991,intphas_6701,r,0.96,0.067,110.4,864
20130809,r1003992,intphas_6701,i,0.93,0.080,118.4,912
20130809,r1003993,intphas_6701o,Ha,1.33,0.155,71.7,277
20130809,r1003994,intphas_6701o,r,1.16,0.066,100.5,744
20130809,r1003995,intphas_6701o,i,1.01,0.086,97.6,896
20130809,r1003996,intphas_6786,Ha,1.20,0.135,56.7,391
20130809,r1003997,intphas_6786,r,1.05,0.073,101.4,1238
20130809,r1003998,intphas_6786,i,0.96,0.067,111.3,1175
20130809,r1003999,intphas_6786o,Ha,1.08,0.084,40.2,450
20130809,r1004000,intphas_6786o,r,1.12,0.143,94.4,1168
20130809,r1004001,intphas_6786o,i,0.91,0.098,77.0,1287
20130809,r1004002,intphas_6826,Ha,1.27,0.140,62.0,645
20130809,r1004003,intphas_6826,r,1.18,0.090,111.9,1685
20130809,r1004004,intphas_6826,i,0.98,0.097,116.4,1582
20130809,r1004005,intphas_6826o,Ha,1.22,0.127,61.6,622
20130809,r1004006,intphas_6826o,r,1.07,0.095,104.2,1905
20130809,r1004007,intphas_6826o,i,1.12,0.123,109.8,1308
20130809,r1004008,intphas_6827,Ha,1.17,0.079,68.3,219
20130809,r1004009,intphas_6827,r,1.05,0.082,116.8,668
20130809,r1004010,intphas_6827,i,1.06,0.119,111.6,667
20130809,r1004011,intphas_6827o,Ha,1.31,0.131,66.3,198
20130809,r1004012,intphas_6827o,r,1.06,0.102,116.7,686
20130809,r1004013,intphas_6827o,i,0.99,0.091,116.6,688
20130809,r1004014,ST_NGC7006,Ha,1.12,0.112,55.9,193
20130809,r1004015,ST_NGC7006,r,1.10,0.079,104.1,494
20130809,r1004016,ST_NGC7006,i,0.90,0.053,88.2,237
20130809,r1004017,ST_NGC7006,He1,1.17,0.087,62.4,97
20130809,r1004018,ST_NGC7006,r,0.89,0.044,61.8,256
20130809,r1004019,ST_NGC7006,U,1.20,0.038,56.7,88
20130809,r1004020,ST_NGC7006,g,0.92,0.073,49.8,219
20130809,r1004021,SA113-260,Ha,1.18,0.071,43.8,34
20130809,r1004022,SA113-260,r,1.01,0.037,65.3,87
20130809,r1004023,SA113-260,i,1.23,0.096,67.7,58
20130809,r1004024,SA113-260,He1,1.28,0.089,60.4,24
20130809,r1004025,SA113-260,r,1.02,0.042,47.1,43
20130809,r1004026,SA113-260,U,1.43,0.060,40.1,17
20130809,r1004027,SA113-260,g,1.04,0.053,39.3,41
20130809,r1004028,uvex_0339,He1,1.38,0.100,62.8,70
20130809,r1004029,uvex_0339,r,1.40,0.082,82.4,278
20130809,r1004030,uvex_0339,U,1.88,0.072,59.1,30
20130809,r1004031,uvex_0339,g,1.42,0.086,71.0,122
20130809,r1004032,uvex_0339o,He1,1.40,0.095,331.2,64
20130809,r1004033,uvex_0339o,r,1.41,0.104,380.2,299
20130809,r1004034,uvex_0339o,U,1.66,0.084,312.1,40
20130809,r1004035,uvex_0339o,g,1.74,0.077,255.3,79
20130809,r1004036,uvex_0341o,He1,1.45,0.059,267.2,233
20130809,r1004037,uvex_0341o,r,1.30,0.101,304.0,1063
20130809,r1004038,uvex_0341o,U,1.90,0.066,275.3,99
20130809,r1004039,uvex_0341o,g,1.38,0.089,289.9,734
20130809,r1004040,uvex_0343,He1,1.44,0.064,291.6,52
20130809,r1004041,uvex_0343,r,1.27,0.080,352.9,180
20130809,r1004042,uvex_0343,U,1.79,0.050,322.0,35
20130809,r1004043,uvex_0343,g,1.59,0.080,347.1,77
20130809,r1004044,uvex_0345o,He1,1.54,0.082,244.8,106
20130809,r1004045,uvex_0345o,r,1.35,0.095,269.7,507
20130809,r1004046,uvex_0345o,U,1.93,0.079,271.7,45
20130809,r1004047,uvex_0345o,g,1.79,0.077,224.9,202
20130809,r1004048,uvex_0350,He1,1.44,0.076,328.6,136
20130809,r1004049,uvex_0350,r,1.32,0.075,336.6,772
20130809,r1004050,uvex_0350,U,1.81,0.064,286.8,62
20130809,r1004051,uvex_0350,g,1.38,0.067,329.1,425
20130809,r1004052,uvex_0350o,He1,1.46,0.061,253.3,154
20130809,r1004053,uvex_0350o,r,1.38,0.077,280.4,558
20130809,r1004054,uvex_0350o,U,1.76,0.058,219.6,62
20130809,r1004055,uvex_0350o,g,1.46,0.071,224.3,346
20130809,r1004056,uvex_0353,He1,1.49,0.050,217.9,63
20130809,r1004057,uvex_0353,r,1.31,0.073,247.1,368
20130809,r1004058,uvex_0353,U,1.79,0.066,211.1,33
20130809,r1004059,uvex_0353,g,1.68,0.060,228.1,115
20130809,r1004060,uvex_0353o,He1,1.53,0.073,214.7,54
20130809,r1004061,uvex_0353o,r,1.57,0.041,244.3,222
20130809,r1004062,uvex_0353o,U,1.64,0.062,205.7,28
20130809,r1004065,uvex_0339,He1,1.56,0.093,56.1,55
20130809,r1004066,uvex_0339,r,1.20,0.064,98.6,343
20130809,r1004067,uvex_0339,U,1.46,0.051,52.5,36
20130809,r1004068,uvex_0339,g,1.26,0.059,65.9,131
20130809,r1004069,uvex_0339o,He1,1.41,0.069,58.7,64
20130809,r1004070,uvex_0339o,r,1.27,0.123,97.4,363
20130809,r1004071,uvex_0339o,U,1.51,0.032,55.0,35
20130809,r1004072,uvex_0339o,g,1.34,0.057,70.1,124
20130809,r1004073,uvex_0341o,He1,1.40,0.066,58.7,242
20130809,r1004074,uvex_0341o,r,1.17,0.071,54.8,1164
20130809,r1004075,uvex_0341o,U,1.53,0.074,56.5,149
20130809,r1004076,uvex_0341o,g,1.34,0.050,54.6,714
20130809,r1004077,uvex_0343,He1,1.46,0.062,58.3,44
20130809,r1004078,uvex_0343,r,1.51,0.044,90.7,131
20130809,r1004079,uvex_0343,U,1.73,0.043,53.4,30
20130809,r1004080,uvex_0343,g,1.60,0.037,77.2,67
20130809,r1004081,uvex_0345o,He1,1.59,0.045,54.5,105
20130809,r1004082,uvex_0345o,r,1.61,0.039,106.1,385
20130809,r1004083,uvex_0345o,U,1.94,0.043,58.1,44
20130809,r1004084,uvex_0345o,g,1.92,0.042,83.8,197
20130809,r1004085,SA95-271,He1,1.57,0.101,68.3,20
20130809,r1004086,SA95-271,r,1.55,0.049,67.3,27
20130809,r1004087,SA95-271,U,1.94,0.060,110.1,18
20130809,r1004088,SA95-271,g,1.76,0.091,120.9,24
20130809,r1004089,SA95-271,Ha,1.73,0.057,68.8,23
20130809,r1004090,SA95-271,r,1.72,0.062,136.9,42
20130809,r1004091,SA95-271,i,1.53,0.078,117.4,39
20130809,r1004092,HZ4,He1,1.70,0.114,105.4,39
20130809,r1004093,HZ4,r,1.54,0.058,170.9,58
20130809,r1004094,HZ4,U,1.98,0.090,384.1,21
20130809,r1004095,HZ4,g,1.61,0.072,437.9,45
20130810,r1004099,test,,0.28,0.162,1294.2,6
20130810,r1004100,test,,1.49,0.198,233.6,4
20130810,r1004129,ST_PG1657,Ha,1.06,0.082,216.1,74
20130810,r1004130,ST_PG1657,r,1.01,0.083,288.0,181
20130810,r1004131,ST_PG1657,i,0.95,0.106,226.6,92
20130810,r1004132,ST_PG1657,Ha,2.27,0.266,56.4,62
20130810,r1004133,ST_PG1657,r,0.99,0.102,75.9,189
20130810,r1004134,ST_PG1657,i,0.91,0.105,59.0,103
20130810,r1004135,ST_PG1657,Ha,1.31,0.208,45.4,65
20130810,r1004136,ST_PG1657,r,1.02,0.079,87.8,181
20130810,r1004137,ST_PG1657,i,1.04,0.074,64.6,65
20130810,r1004138,SA110-246,Ha,1.18,0.125,43.3,40
20130810,r1004139,SA110-246,r,1.09,0.081,39.5,24
20130810,r1004140,SA110-246,i,1.04,0.110,49.9,63
20130810,r1004141,SA110-246,Ha,1.29,0.135,39.4,38
20130810,r1004142,SA110-246,r,1.11,0.093,37.5,24
20130810,r1004143,SA110-246,i,1.09,0.105,48.8,57
20130810,r1004144,ST_PG1657,Ha,1.08,0.075,50.6,68
20130810,r1004145,ST_PG1657,r,1.14,0.071,43.6,135
20130810,r1004146,ST_PG1657,i,0.93,0.071,68.5,84
20130810,r1004148,ST_PG1657,Ha,1.45,0.166,33.6,61
20130810,r1004149,ST_PG1657,r,1.04,0.052,45.7,156
20130810,r1004150,ST_PG1657,i,0.98,0.044,56.4,70
20130810,r1004151,intphas_7049o,Ha,1.39,0.090,62.5,188
20130810,r1004152,intphas_7049o,r,1.35,0.106,91.9,490
20130810,r1004153,intphas_7049o,i,1.44,0.086,131.2,397
20130810,r1004154,intphas_4086o,Ha,1.11,0.076,62.0,93
20130810,r1004155,intphas_4086o,r,1.10,0.088,138.8,217
20130810,r1004156,intphas_4086o,i,1.04,0.111,142.1,464
20130810,r1004157,intphas_4110,Ha,1.46,0.228,60.2,68
20130810,r1004158,intphas_4110,r,1.16,0.103,120.0,190
20130810,r1004159,intphas_4110,i,1.20,0.094,140.4,242
20130810,r1004160,intphas_4115,Ha,1.12,0.084,62.2,61
20130810,r1004161,intphas_4115,r,1.13,0.077,130.0,104
20130810,r1004162,intphas_4115,i,1.05,0.094,131.1,245
20130810,r1004163,ST_PG1657,Ha,1.22,0.111,42.9,59
20130810,r1004164,ST_PG1657,r,1.16,0.051,76.5,142
20130810,r1004165,ST_PG1657,i,1.01,0.073,63.6,68
20130810,r1004166,intphas_4143,Ha,1.19,0.091,60.3,78
20130810,r1004167,intphas_4143,r,1.20,0.084,128.5,168
20130810,r1004168,intphas_4143,i,1.08,0.089,136.8,410
20130810,r1004169,intphas_4143o,Ha,1.17,0.074,64.8,73
20130810,r1004170,intphas_4143o,r,1.24,0.121,131.9,182
20130810,r1004171,intphas_4143o,i,1.12,0.107,109.3,400
20130810,r1004172,intphas_4149,Ha,1.23,0.097,61.5,101
20130810,r1004173,intphas_4149,r,1.11,0.092,105.6,333
20130810,r1004174,intphas_4149,i,1.00,0.100,107.1,720
20130810,r1004175,intphas_4149o,Ha,1.16,0.094,56.9,123
20130810,r1004176,intphas_4149o,r,1.14,0.088,126.1,315
20130810,r1004177,intphas_4149o,i,0.97,0.093,133.8,720
20130810,r1004178,intphas_4154o,Ha,1.18,0.126,65.9,59
20130810,r1004179,intphas_4154o,r,1.22,0.094,90.5,98
20130810,r1004180,intphas_4154o,i,1.04,0.098,125.8,366
20130810,r1004181,intphas_4155,Ha,1.12,0.086,59.7,160
20130810,r1004182,intphas_4155,r,1.09,0.097,116.2,449
20130810,r1004183,intphas_4155,i,1.25,0.147,122.0,600
20130810,r1004184,intphas_4155o,Ha,1.32,0.148,64.8,143
20130810,r1004185,intphas_4155o,r,1.19,0.119,126.3,429
20130810,r1004186,intphas_4155o,i,0.97,0.090,106.1,875
20130810,r1004187,intphas_4158,Ha,1.37,0.087,62.4,374
20130810,r1004188,intphas_4158,r,1.13,0.073,97.4,1539
20130810,r1004189,intphas_4158,i,1.02,0.105,29.4,1860
20130810,r1004190,intphas_4159,Ha,1.18,0.110,65.7,269
20130810,r1004191,intphas_4159,r,1.10,0.075,30.5,799
20130810,r1004192,intphas_4159,i,0.98,0.082,30.4,1194
20130810,r1004193,intphas_4160,Ha,1.26,0.099,58.2,88
20130810,r1004194,intphas_4160,r,1.07,0.076,120.3,296
20130810,r1004195,intphas_4160,i,0.98,0.082,120.4,697
20130810,r1004196,intphas_4166,Ha,1.72,0.210,78.8,121
20130810,r1004197,intphas_4166,r,1.15,0.064,116.2,486
20130810,r1004198,intphas_4166,i,1.25,0.068,134.9,525
20130810,r1004199,intphas_4172,Ha,1.38,0.093,136.8,188
20130810,r1004200,intphas_4172,r,1.12,0.101,279.1,909
20130810,r1004201,intphas_4172,i,1.16,0.071,292.9,957
20130810,r1004202,intphas_4209,Ha,1.77,0.279,213.5,177
20130810,r1004203,intphas_4209,r,0.99,0.076,270.0,865
20130810,r1004204,intphas_4209,i,0.89,0.088,269.2,1160
20130810,r1004205,intphas_4209,Ha,1.11,0.076,214.2,304
20130810,r1004206,intphas_4209,r,1.06,0.074,245.0,788
20130810,r1004207,intphas_4209,i,1.06,0.083,262.9,819
20130810,r1004208,intphas_4212,Ha,1.14,0.084,211.2,139
20130810,r1004209,intphas_4212,r,1.11,0.080,270.0,355
20130810,r1004210,intphas_4212,i,1.05,0.062,265.9,527
20130810,r1004211,intphas_4262o,Ha,1.17,0.100,216.0,659
20130810,r1004212,intphas_4262o,r,1.06,0.096,272.3,2119
20130810,r1004213,intphas_4262o,i,1.00,0.096,281.7,1917
20130810,r1004214,intphas_4269,Ha,1.13,0.058,211.8,175
20130810,r1004215,intphas_4269,r,1.16,0.094,279.3,340
20130810,r1004216,intphas_4269,i,0.97,0.082,276.3,537
20130810,r1004217,intphas_4269o,Ha,1.11,0.088,104.6,192
20130810,r1004218,intphas_4269o,r,0.99,0.047,275.7,393
20130810,r1004219,intphas_4269o,i,0.88,0.065,294.8,599
20130810,r1004220,intphas_4272,Ha,1.23,0.133,197.2,738
20130810,r1004221,intphas_4272,r,1.22,0.131,214.5,2029
20130810,r1004222,intphas_4272,i,0.97,0.101,216.5,2125
20130810,r1004223,intphas_4272o,Ha,1.23,0.079,210.2,589
20130810,r1004224,intphas_4272o,r,1.13,0.102,223.4,2069
20130810,r1004225,intphas_4272o,i,0.97,0.099,229.1,2025
20130810,r1004226,intphas_4273,Ha,1.13,0.076,212.9,387
20130810,r1004227,intphas_4273,r,1.14,0.103,277.0,1125
20130810,r1004228,intphas_4273,i,1.08,0.119,283.7,1326
20130810,r1004229,intphas_4273o,Ha,0.99,0.071,193.0,494
20130810,r1004230,intphas_4273o,r,1.10,0.082,199.3,1206
20130810,r1004231,intphas_4273o,i,0.99,0.097,199.2,1452
20130810,r1004232,intphas_4277,Ha,1.18,0.086,210.0,188
20130810,r1004233,intphas_4277,r,1.10,0.053,247.9,366
20130810,r1004234,intphas_4277,i,1.14,0.083,190.0,442
20130810,r1004235,intphas_4284,Ha,1.42,0.180,209.3,387
20130810,r1004236,intphas_4284,r,1.20,0.095,256.6,1176
20130810,r1004237,intphas_4284,i,0.96,0.096,253.8,1647
20130810,r1004238,intphas_4297,Ha,1.25,0.115,78.5,344
20130810,r1004239,intphas_4297,r,1.19,0.095,121.2,1207
20130810,r1004240,intphas_4297,i,0.95,0.108,55.5,2281
20130810,r1004241,intphas_4297o,Ha,1.47,0.159,65.4,259
20130810,r1004242,intphas_4297o,r,1.20,0.117,29.2,1079
20130810,r1004243,intphas_4297o,i,1.04,0.106,90.0,1582
20130810,r1004244,intphas_4299,Ha,1.14,0.065,56.8,91
20130810,r1004245,intphas_4299,r,1.09,0.045,115.5,179
20130810,r1004246,intphas_4299,i,1.03,0.066,123.3,312
20130810,r1004247,intphas_4311,Ha,1.23,0.084,64.6,66
20130810,r1004248,intphas_4311,r,1.31,0.030,127.5,103
20130810,r1004249,intphas_4311,i,1.26,0.048,128.0,139
20130810,r1004250,intphas_4315o,Ha,1.44,0.097,65.0,60
20130810,r1004251,intphas_4315o,r,1.38,0.102,132.7,111
20130810,r1004252,intphas_4315o,i,1.24,0.069,136.6,147
20130810,r1004253,intphas_4318o,Ha,1.56,0.117,53.7,268
20130810,r1004254,intphas_4318o,r,1.28,0.088,112.7,992
20130810,r1004255,intphas_4318o,i,1.37,0.097,112.9,796
20130810,r1004256,intphas_4319,Ha,1.70,0.095,56.1,332
20130810,r1004257,intphas_4319,r,1.72,0.112,27.8,1011
20130810,r1004258,intphas_4319,i,1.61,0.109,28.3,915
20130810,r1004259,intphas_4319o,Ha,2.00,0.094,60.4,223
20130810,r1004260,intphas_4319o,r,1.81,0.131,130.4,950
20130810,r1004261,intphas_4319o,i,1.41,0.113,119.7,1171
20130810,r1004262,intphas_4320,Ha,1.34,0.150,61.9,314
20130810,r1004263,intphas_4320,r,1.23,0.119,127.8,1085
20130810,r1004264,intphas_4320,i,1.03,0.108,55.8,1440
20130810,r1004265,intphas_4320o,Ha,1.86,0.227,59.2,264
20130810,r1004266,intphas_4320o,r,1.06,0.086,89.2,1309
20130810,r1004267,intphas_4320o,i,0.99,0.091,94.4,1519
20130810,r1004268,ST_NGC7006,Ha,1.17,0.070,47.3,153
20130810,r1004269,ST_NGC7006,r,1.17,0.086,97.4,438
20130810,r1004270,ST_NGC7006,i,1.12,0.112,76.1,160
20130810,r1004271,ST_NGC7006,He1,1.36,0.173,202.4,976
20130810,r1004272,ST_NGC7006,r,1.10,0.063,60.6,181
20130810,r1004273,ST_NGC7006,U,1.51,0.063,55.1,70
20130810,r1004274,ST_NGC7006,g,1.15,0.069,37.3,131
20130810,r1004275,ST_NGC7006,HeI,1.20,0.061,47.0,89
20130810,r1004276,SA113-260,Ha,1.35,0.139,33.1,30
20130810,r1004277,SA113-260,r,1.16,0.058,63.0,72
20130810,r1004278,SA113-260,i,1.06,0.082,64.8,66
20130810,r1004279,SA113-260,He1,1.37,0.107,33.5,21
20130810,r1004280,SA113-260,r,1.08,0.043,35.4,29
20130810,r1004281,SA113-260,U,1.50,0.110,33.5,16
20130810,r1004282,SA113-260,g,1.12,0.062,30.7,27
20130810,r1004283,uvex_0350,He1,1.89,0.061,66.4,67
20130810,r1004284,uvex_0350,r,1.65,0.077,101.9,487
20130810,r1004285,uvex_0350,U,2.12,0.092,56.1,45
20130810,r1004286,uvex_0350,g,1.76,0.082,73.9,245
20130810,r1004287,uvex_0350o,He1,1.78,0.075,62.7,90
20130810,r1004288,uvex_0350o,r,1.64,0.069,111.4,476
20130810,r1004289,uvex_0350o,U,2.03,0.084,56.5,48
20130810,r1004290,uvex_0350o,g,2.04,0.054,79.8,208
20130810,r1004291,uvex_0353,He1,1.47,0.049,62.4,68
20130810,r1004292,uvex_0353,r,1.46,0.076,98.8,276
20130810,r1004293,uvex_0353,U,1.89,0.061,55.2,29
20130810,r1004294,uvex_0353,g,1.91,0.043,69.7,100
20130810,r1004295,uvex_0353o,He1,1.58,0.063,62.1,48
20130810,r1004296,uvex_0353o,r,1.65,0.078,101.8,218
20130810,r1004297,uvex_0353o,U,1.97,0.083,56.9,24
20130810,r1004298,uvex_0353o,g,1.44,0.069,69.8,139
20130810,r1004299,uvex_0361o,He1,1.54,0.084,59.7,104
20130810,r1004300,uvex_0361o,r,1.73,0.060,97.5,424
20130810,r1004301,uvex_0361o,U,1.87,0.100,59.9,54
20130810,r1004302,uvex_0361o,g,1.86,0.097,71.6,233
20130810,r1004303,uvex_0362o,He1,1.71,0.060,58.0,40
20130810,r1004304,uvex_0362o,r,1.49,0.087,100.4,128
20130810,r1004305,uvex_0362o,U,2.31,0.077,55.0,21
20130810,r1004306,uvex_0362o,g,1.72,0.057,71.6,69
20130810,r1004307,uvex_0372,He1,1.54,0.059,55.0,130
20130810,r1004308,uvex_0372,r,1.65,0.072,105.8,393
20130810,r1004309,uvex_0372,U,1.86,0.077,54.8,64
20130810,r1004310,uvex_0372,g,1.65,0.053,69.6,268
20130810,r1004311,uvex_0372o,He1,1.49,0.075,58.1,128
20130810,r1004312,uvex_0372o,r,1.59,0.072,110.2,398
20130810,r1004313,uvex_0372o,U,1.93,0.075,55.0,49
20130810,r1004314,uvex_0372o,g,1.62,0.071,73.5,266
20130810,r1004315,uvex_0373,He1,1.39,0.056,56.8,130
20130810,r1004316,uvex_0373,r,1.42,0.078,58.0,592
20130810,r1004317,uvex_0373,U,1.88,0.068,56.6,54
20130810,r1004318,uvex_0373,g,1.61,0.075,72.0,312
20130810,r1004319,uvex_0374o,He1,1.48,0.054,62.2,51
20130810,r1004320,uvex_0374o,r,1.39,0.092,113.1,208
20130810,r1004321,uvex_0374o,U,1.74,0.075,58.0,28
20130810,r1004322,uvex_0374o,g,1.56,0.085,75.6,97
20130810,r1004323,uvex_0378,He1,1.42,0.049,61.9,62
20130810,r1004324,uvex_0378,r,1.46,0.051,113.7,125
20130810,r1004325,uvex_0378,U,1.88,0.062,60.9,29
20130810,r1004326,uvex_0378,g,1.54,0.055,71.6,72
20130810,r1004327,uvex_0379,He1,1.33,0.046,52.7,200
20130810,r1004328,uvex_0379,r,1.39,0.072,110.7,801
20130810,r1004329,uvex_0379,U,1.86,0.052,64.2,79
20130810,r1004330,uvex_0379,g,1.57,0.080,72.5,422
20130810,r1004331,uvex_0380,He1,1.35,0.047,61.9,127
20130810,r1004332,uvex_0380,r,1.35,0.045,100.2,509
20130810,r1004333,uvex_0380,U,1.79,0.064,63.8,61
20130810,r1004334,uvex_0380,g,1.35,0.076,70.8,342
20130810,r1004335,uvex_0742,He1,1.43,0.071,65.7,61
20130810,r1004336,uvex_0742,r,1.43,0.089,103.6,314
20130810,r1004337,uvex_0742,U,1.71,0.093,51.0,21
20130810,r1004338,uvex_0742,g,1.44,0.050,76.2,148
20130810,r1004339,uvex_0742o,He1,1.47,0.066,63.1,64
20130810,r1004340,uvex_0742o,r,1.44,0.085,106.8,287
20130810,r1004341,uvex_0742o,U,1.84,0.089,57.6,16
20130810,r1004342,uvex_0742o,g,1.48,0.055,73.0,127
20130810,r1004343,uvex_0926,He1,1.48,0.084,60.4,108
20130810,r1004344,uvex_0926,r,1.35,0.080,93.0,481
20130810,r1004345,uvex_0926,U,1.69,0.097,55.4,55
20130810,r1004346,uvex_0926,g,1.45,0.094,77.6,255
20130810,r1004347,uvex_0926o,He1,1.39,0.049,61.8,94
20130810,r1004348,uvex_0926o,r,1.24,0.063,102.8,550
20130810,r1004349,uvex_0926o,U,1.72,0.074,56.9,52
20130810,r1004350,uvex_0926o,g,1.46,0.076,75.4,238
20130810,r1004351,uvex_0927,He1,1.45,0.064,61.1,129
20130810,r1004352,uvex_0927,r,1.36,0.099,77.1,662
20130810,r1004353,uvex_0927,U,1.72,0.070,54.3,53
20130810,r1004354,uvex_0927,g,1.53,0.077,65.5,348
20130810,r1004355,uvex_0927o,He1,1.41,0.093,59.1,156
20130810,r1004356,uvex_0927o,r,1.35,0.084,106.4,626
20130810,r1004357,uvex_0927o,U,1.75,0.072,56.1,54
20130810,r1004358,uvex_0927o,g,1.47,0.073,79.6,376
20130810,r1004359,HZ4,He1,1.72,0.160,90.1,35
20130810,r1004360,HZ4,r,1.35,0.066,95.9,63
20130810,r1004361,HZ4,U,1.78,0.107,85.0,25
20130810,r1004362,HZ4,g,1.56,0.112,77.7,43
20130810,r1004363,SA95-271,He1,1.78,0.143,383.8,21
20130810,r1004364,SA95-271,r,1.49,0.073,395.7,28
20130810,r1004365,SA95-271,U,1.69,0.107,427.1,18
20130810,r1004366,SA95-271,g,1.52,0.088,464.1,32
20130811,r1004416,ST_PG1657,Ha,1.29,0.196,440.4,68
20130811,r1004417,ST_PG1657,r,1.03,0.101,820.6,182
20130811,r1004418,ST_PG1657,i,0.92,0.098,325.0,93
20130811,r1004421,ST_PG1657,r,1.33,0.058,84.0,137
20130811,r1004422,ST_PG1657,r,1.31,0.050,262.8,124
20130811,r1004423,SA110-246,Ha,1.56,0.202,40.5,30
20130811,r1004424,SA110-246,r,1.11,0.088,37.9,22
20130811,r1004425,SA110-246,i,1.09,0.095,38.4,55
20130811,r1004426,ST_PG1657,Ha,1.48,0.199,40.1,57
20130811,r1004427,ST_PG1657,r,1.17,0.110,85.0,138
20130811,r1004428,ST_PG1657,i,1.04,0.081,47.8,84
20130811,r1004429,intphas_4351,Ha,1.27,0.109,63.4,79
20130811,r1004430,intphas_4351,r,1.32,0.077,117.9,129
20130811,r1004431,intphas_4351,i,1.11,0.103,111.0,205
20130811,r1004432,intphas_4351o,Ha,1.30,0.133,54.5,80
20130811,r1004433,intphas_4351o,r,1.46,0.179,134.8,119
20130811,r1004434,intphas_4351o,i,1.15,0.108,115.0,183
20130811,r1004435,intphas_4380,Ha,1.56,0.267,62.2,390
20130811,r1004436,intphas_4380,r,1.27,0.132,118.1,1367
20130811,r1004437,intphas_4380,i,1.13,0.142,86.8,1818
20130811,r1004438,intphas_4513,Ha,1.13,0.121,49.2,537
20130811,r1004439,intphas_4513,r,1.23,0.112,111.0,1497
20130811,r1004440,intphas_4513,i,1.13,0.143,101.1,1790
20130811,r1004441,intphas_4513o,Ha,1.27,0.145,28.4,498
20130811,r1004442,intphas_4513o,r,1.23,0.144,42.7,1502
20130811,r1004443,intphas_4513o,i,1.06,0.130,42.3,1833
20130811,r1004444,intphas_4565,Ha,2.30,0.380,63.1,341
20130811,r1004445,intphas_4565,r,1.25,0.125,51.7,1732
20130811,r1004446,intphas_4565,i,1.23,0.133,53.3,1959
20130811,r1004447,intphas_4565o,Ha,1.34,0.124,55.0,406
20130811,r1004448,intphas_4565o,r,1.30,0.138,118.1,1571
20130811,r1004449,intphas_4565o,i,1.25,0.143,108.2,1862
20130811,r1004450,intphas_4596,Ha,1.76,0.176,50.4,373
20130811,r1004451,intphas_4596,r,1.50,0.126,82.3,1448
20130811,r1004452,intphas_4596,i,1.51,0.124,75.9,1253
20130811,r1004453,intphas_4596o,Ha,1.40,0.117,45.0,508
20130811,r1004454,intphas_4596o,r,1.42,0.122,48.9,1659
20130811,r1004455,intphas_4596o,i,1.20,0.128,48.9,2083
20130811,r1004456,intphas_4610,Ha,1.34,0.125,44.4,649
20130811,r1004457,intphas_4610,r,1.35,0.144,43.3,2135
20130811,r1004458,intphas_4610,i,1.23,0.135,79.8,2315
20130811,r1004459,intphas_4610o,Ha,1.38,0.131,57.3,594
20130811,r1004460,intphas_4610o,r,1.21,0.136,97.9,2416
20130811,r1004461,intphas_4610o,i,1.15,0.149,89.9,2560
20130811,r1004462,intphas_4618,Ha,1.19,0.111,24.2,485
20130811,r1004463,intphas_4618,r,1.14,0.134,92.3,1702
20130811,r1004464,intphas_4618,i,1.15,0.158,74.6,1888
20130811,r1004465,intphas_4632,Ha,1.33,0.178,46.0,368
20130811,r1004466,intphas_4632,r,1.26,0.132,83.0,1094
20130811,r1004467,intphas_4632,i,1.19,0.125,93.8,1304
20130811,r1004468,intphas_4632o,Ha,1.47,0.140,49.2,233
20130811,r1004469,intphas_4632o,r,1.32,0.109,100.1,903
20130811,r1004470,intphas_4632o,i,1.38,0.178,96.2,1070
20130811,r1004471,intphas_4633,Ha,1.24,0.139,52.5,380
20130811,r1004472,intphas_4633,r,1.13,0.132,29.4,1433
20130811,r1004473,intphas_4633,i,1.15,0.131,29.7,1516
20130811,r1004474,intphas_4633o,Ha,1.17,0.112,53.0,338
20130811,r1004475,intphas_4633o,r,1.22,0.135,67.0,1014
20130811,r1004476,intphas_4633o,i,1.16,0.121,104.5,1337
20130811,r1004477,intphas_4634,Ha,1.19,0.094,53.0,323
20130811,r1004478,intphas_4634,r,1.23,0.101,104.0,839
20130811,r1004479,intphas_4634,i,1.08,0.119,98.2,1432
20130811,r1004480,intphas_4634o,Ha,1.17,0.112,56.3,337
20130811,r1004481,intphas_4634o,r,1.15,0.126,106.5,982
20130811,r1004482,intphas_4634o,i,1.16,0.147,106.7,1278
20130811,r1004483,intphas_4635,Ha,1.21,0.150,57.6,354
20130811,r1004484,intphas_4635,r,1.19,0.155,50.4,1123
20130811,r1004485,intphas_4635,i,1.04,0.152,51.5,1874
20130811,r1004486,intphas_4635o,Ha,1.12,0.120,42.5,347
20130811,r1004487,intphas_4635o,r,1.05,0.110,100.7,1072
20130811,r1004488,intphas_4635o,i,0.99,0.127,71.6,1733
20130811,r1004489,intphas_4641,Ha,1.18,0.151,59.5,809
20130811,r1004490,intphas_4641,r,1.09,0.117,54.8,2713
20130811,r1004491,intphas_4641,i,0.99,0.134,54.8,2983
20130811,r1004492,intphas_4641o,Ha,1.15,0.156,59.4,797
20130811,r1004493,intphas_4641o,r,0.97,0.121,114.9,3224
20130811,r1004494,intphas_4641o,i,0.98,0.133,96.8,2891
20130811,r1004495,intphas_4644,Ha,0.98,0.110,56.4,431
20130811,r1004496,intphas_4644,r,1.05,0.136,52.3,1179
20130811,r1004497,intphas_4644,i,0.90,0.117,95.6,1387
20130811,r1004498,intphas_4644o,Ha,1.22,0.155,54.2,313
20130811,r1004499,intphas_4644o,r,1.10,0.112,32.1,875
20130811,r1004500,intphas_4644o,i,0.97,0.104,106.5,1081
20130811,r1004501,intphas_4645,Ha,1.28,0.158,54.3,230
20130811,r1004502,intphas_4645,r,1.09,0.099,99.2,703
20130811,r1004503,intphas_4645,i,0.95,0.104,99.4,1115
20130811,r1004504,intphas_4645o,Ha,1.07,0.098,56.1,251
20130811,r1004505,intphas_4645o,r,1.12,0.108,97.2,670
20130811,r1004506,intphas_4645o,i,0.94,0.105,109.4,1106
20130811,r1004507,intphas_4646,Ha,1.03,0.098,55.8,439
20130811,r1004508,intphas_4646,r,1.01,0.115,115.1,1302
20130811,r1004509,intphas_4646,i,0.91,0.110,97.0,1645
20130811,r1004510,intphas_4646o,Ha,1.10,0.139,53.9,408
20130811,r1004511,intphas_4646o,r,1.14,0.109,64.3,1165
20130811,r1004512,intphas_4646o,i,1.12,0.179,93.3,1378
20130811,r1004513,intphas_4647,Ha,0.96,0.080,55.3,380
20130811,r1004514,intphas_4647,r,0.94,0.104,90.7,1233
20130811,r1004515,intphas_4647,i,0.85,0.110,85.1,1792
20130811,r1004516,intphas_4647o,Ha,1.12,0.167,60.0,363
20130811,r1004517,intphas_4647o,r,1.00,0.134,113.5,1184
20130811,r1004518,intphas_4647o,i,1.06,0.193,92.6,1398
20130811,r1004519,intphas_4666,Ha,1.03,0.097,45.4,442
20130811,r1004520,intphas_4666,r,1.17,0.153,70.6,1139
20130811,r1004521,intphas_4666,i,0.89,0.111,65.8,2061
20130811,r1004522,intphas_4666o,Ha,1.19,0.153,52.8,438
20130811,r1004523,intphas_4666o,r,1.11,0.143,107.0,1426
20130811,r1004524,intphas_4666o,i,0.98,0.130,107.8,1994
20130811,r1004525,intphas_4764o,Ha,1.28,0.165,59.3,206
20130811,r1004526,intphas_4764o,r,0.87,0.073,62.9,776
20130811,r1004527,intphas_4764o,i,0.88,0.079,61.7,984
20130811,r1004528,intphas_5012,Ha,1.44,0.262,57.6,191
20130811,r1004529,intphas_5012,r,1.05,0.117,103.4,594
20130811,r1004530,intphas_5012,i,0.86,0.101,107.5,953
20130811,r1004531,intphas_5012o,Ha,1.06,0.086,54.7,247
20130811,r1004532,intphas_5012o,r,1.00,0.081,115.8,718
20130811,r1004533,intphas_5012o,i,0.87,0.079,103.2,1013
20130811,r1004534,intphas_5014,Ha,1.19,0.106,47.3,263
20130811,r1004535,intphas_5014,r,1.19,0.131,89.7,768
20130811,r1004536,intphas_5014,i,0.95,0.110,103.5,1399
20130811,r1004537,intphas_5014o,Ha,1.07,0.085,62.0,339
20130811,r1004538,intphas_5014o,r,1.19,0.118,103.7,897
20130811,r1004539,intphas_5014o,i,1.05,0.111,108.7,1283
20130811,r1004540,intphas_5015,Ha,1.19,0.061,56.8,222
20130811,r1004541,intphas_5015,r,1.22,0.072,99.0,590
20130811,r1004542,intphas_5015,i,1.27,0.086,94.8,584
20130811,r1004543,intphas_5015o,Ha,1.41,0.107,56.6,198
20130811,r1004544,intphas_5015o,r,1.19,0.066,101.3,632
20130811,r1004545,intphas_5015o,i,1.10,0.064,104.5,770
20130811,r1004546,intphas_5018,Ha,1.47,0.159,54.2,445
20130811,r1004547,intphas_5018,r,1.15,0.110,103.9,1914
20130811,r1004548,intphas_5018,i,1.03,0.115,100.4,2186
20130811,r1004549,intphas_5018o,Ha,1.05,0.107,43.4,780
20130811,r1004550,intphas_5018o,r,1.13,0.142,71.8,2259
20130811,r1004551,intphas_5018o,i,0.93,0.132,74.3,2710
20130811,r1004552,intphas_5045,Ha,1.01,0.121,55.7,917
20130811,r1004553,intphas_5045,r,0.95,0.116,78.0,3021
20130811,r1004554,intphas_5045,i,0.87,0.116,76.8,2787
20130811,r1004555,intphas_5045o,Ha,0.92,0.109,36.6,1038
20130811,r1004556,intphas_5045o,r,0.94,0.118,95.8,3122
20130811,r1004557,intphas_5045o,i,0.88,0.114,68.0,2784
20130811,r1004558,intphas_5046,Ha,0.94,0.111,54.0,883
20130811,r1004559,intphas_5046,r,0.98,0.131,43.9,2392
20130811,r1004560,intphas_5046,i,0.88,0.125,89.5,2619
20130811,r1004561,intphas_5046o,Ha,0.97,0.111,53.3,814
20130811,r1004562,intphas_5046o,r,0.97,0.106,95.7,2244
20130811,r1004563,intphas_5046o,i,0.82,0.105,65.4,2780
20130811,r1004564,intphas_5065,Ha,1.12,0.214,49.0,176
20130811,r1004565,intphas_5065,r,1.04,0.102,116.5,455
20130811,r1004566,intphas_5065,i,1.09,0.113,107.2,658
20130811,r1004567,intphas_5065o,Ha,1.16,0.098,29.9,160
20130811,r1004568,intphas_5065o,r,1.41,0.066,81.1,266
20130811,r1004569,intphas_5065o,i,1.39,0.081,92.5,387
20130811,r1004570,intphas_5080o,Ha,1.69,0.112,57.7,105
20130811,r1004571,intphas_5080o,r,1.62,0.074,111.3,188
20130811,r1004572,intphas_5080o,i,1.28,0.092,98.3,449
20130811,r1004573,intphas_5080,Ha,1.20,0.065,53.1,140
20130811,r1004574,intphas_5080,r,1.25,0.084,101.4,343
20130811,r1004575,intphas_5080,i,1.11,0.093,105.5,646
20130811,r1004576,ST_NGC7006,Ha,1.28,0.136,48.5,164
20130811,r1004577,ST_NGC7006,r,1.24,0.155,92.3,494
20130811,r1004578,ST_NGC7006,i,0.94,0.104,68.4,236
20130811,r1004579,ST_NGC7006,He1,1.17,0.078,46.1,94
20130811,r1004580,ST_NGC7006,r,0.94,0.058,49.0,255
20130811,r1004581,ST_NGC7006,U,1.37,0.083,48.6,83
20130811,r1004582,ST_NGC7006,g,1.04,0.079,39.0,187
20130811,r1004583,SA113-260,Ha,1.07,0.112,36.2,48
20130811,r1004584,SA113-260,r,0.90,0.073,60.5,120
20130811,r1004585,SA113-260,i,0.85,0.091,59.8,93
20130811,r1004586,SA113-260,He1,1.07,0.112,39.6,28
20130811,r1004587,SA113-260,r,0.95,0.069,36.8,51
20130811,r1004588,SA113-260,U,1.29,0.088,35.9,18
20130811,r1004589,SA113-260,g,0.94,0.049,34.8,52
20130811,r1004590,intphas_7050,Ha,1.16,0.145,57.7,759
20130811,r1004591,intphas_7050,r,1.04,0.102,104.1,2158
20130811,r1004592,intphas_7050,i,0.99,0.107,94.2,1706
20130811,r1004593,intphas_7050o,Ha,1.22,0.198,54.2,647
20130811,r1004594,intphas_7050o,r,1.08,0.110,93.4,2025
20130811,r1004595,intphas_7050o,i,1.07,0.118,76.3,1557
20130811,r1004596,intphas_7065,Ha,1.24,0.166,54.3,508
20130811,r1004597,intphas_7065,r,1.03,0.109,86.3,1722
20130811,r1004598,intphas_7065,i,1.01,0.113,88.2,1379
20130811,r1004599,intphas_7081o,Ha,1.09,0.113,235.7,139
20130811,r1004600,intphas_7081o,r,1.03,0.089,387.0,351
20130811,r1004601,intphas_7081o,i,0.99,0.115,276.7,394
20130811,r1004602,intphas_7091,Ha,1.09,0.114,264.0,686
20130811,r1004603,intphas_7091,r,1.08,0.119,274.9,1845
20130811,r1004604,intphas_7091,i,0.96,0.110,259.4,1562
20130811,r1004605,intphas_7091o,Ha,1.09,0.092,228.4,665
20130811,r1004606,intphas_7091o,r,1.07,0.093,270.8,1791
20130811,r1004607,intphas_7091o,i,1.02,0.121,271.6,1284
20130811,r1004608,intphas_6820,Ha,1.15,0.102,229.2,197
20130811,r1004609,intphas_6820,r,1.20,0.084,263.8,480
20130811,r1004610,intphas_6820,i,1.17,0.074,262.0,473
20130811,r1004611,intphas_6820o,Ha,1.33,0.069,233.5,155
20130811,r1004612,intphas_6820o,r,1.17,0.061,273.6,466
20130811,r1004613,intphas_6820o,i,1.15,0.079,269.3,495
20130811,r1004614,intphas_6346,Ha,1.66,0.155,229.8,54
20130811,r1004615,intphas_6346,r,1.16,0.042,246.2,166
20130811,r1004616,intphas_6346,i,1.02,0.059,264.0,235
20130811,r1004617,intphas_6346o,Ha,1.16,0.068,229.6,68
20130811,r1004618,intphas_6346o,r,1.12,0.056,272.8,133
20130811,r1004619,intphas_6346o,i,1.12,0.053,276.3,168
20130811,r1004620,intphas_6367,Ha,1.40,0.119,229.5,92
20130811,r1004621,intphas_6367,r,0.92,0.065,266.1,365
20130811,r1004622,intphas_6367,i,0.89,0.078,266.0,443
20130811,r1004623,intphas_6367o,Ha,0.98,0.080,227.8,120
20130811,r1004624,intphas_6367o,r,1.00,0.052,261.3,270
20130811,r1004625,intphas_6367o,i,0.89,0.072,257.2,399
20130811,r1004626,intphas_6391,Ha,1.09,0.070,224.2,110
20130811,r1004627,intphas_6391,r,1.03,0.070,270.8,215
20130811,r1004628,intphas_6391,i,0.85,0.066,267.8,359
20130811,r1004629,intphas_6391o,Ha,0.96,0.089,228.5,156
20130811,r1004630,intphas_6391o,r,0.93,0.058,266.7,309
20130811,r1004631,intphas_6391o,i,0.85,0.062,266.5,412
20130811,r1004632,intphas_6397,Ha,1.07,0.103,228.9,78
20130811,r1004633,intphas_6397,r,0.93,0.060,273.8,235
20130811,r1004634,intphas_6397,i,0.84,0.054,264.2,354
20130811,r1004635,intphas_6397o,Ha,0.95,0.059,228.4,85
20130811,r1004636,intphas_6397o,r,0.96,0.050,271.5,216
20130811,r1004637,intphas_6397o,i,0.85,0.051,252.9,320
20130811,r1004638,intphas_6402,Ha,0.99,0.076,228.9,88
20130811,r1004639,intphas_6402,r,0.99,0.071,275.5,138
20130811,r1004640,intphas_6402,i,0.93,0.059,274.4,214
20130811,r1004641,intphas_6402o,Ha,1.10,0.083,229.5,77
20130811,r1004642,intphas_6402o,r,1.06,0.087,261.7,124
20130811,r1004643,intphas_6402o,i,1.00,0.047,256.2,181
20130811,r1004644,uvex_0928,He1,1.40,0.083,414.0,155
20130811,r1004645,uvex_0928,r,1.36,0.117,473.7,563
20130811,r1004646,uvex_0928,U,1.87,0.116,408.4,64
20130811,r1004647,uvex_0928,g,1.50,0.105,442.0,290
20130811,r1004648,uvex_0928o,He1,1.41,0.126,420.7,173
20130811,r1004649,uvex_0928o,r,1.44,0.100,462.8,478
20130811,r1004650,uvex_0928o,U,1.82,0.103,421.5,73
20130811,r1004651,uvex_0928o,g,1.45,0.121,439.6,288
20130811,r1004652,uvex_0929,He1,1.32,0.090,415.9,134
20130811,r1004653,uvex_0929,r,1.40,0.099,467.3,465
20130811,r1004654,uvex_0929,U,1.78,0.115,417.6,50
20130811,r1004655,uvex_0929,g,1.45,0.089,433.4,281
20130811,r1004656,uvex_0929o,He1,1.50,0.089,429.9,109
20130811,r1004657,uvex_0929o,r,1.52,0.110,475.4,422
20130811,r1004658,uvex_0929o,U,1.83,0.081,422.5,37
20130811,r1004659,uvex_0929o,g,1.59,0.077,444.7,228
20130811,r1004660,uvex_1097,He1,1.60,0.075,424.1,60
20130811,r1004661,uvex_1097,r,1.73,0.091,472.8,182
20130811,r1004662,uvex_1097,U,2.14,0.126,414.6,24
20130811,r1004663,uvex_1097,g,1.72,0.092,433.7,112
20130811,r1004664,uvex_1097o,He1,1.43,0.076,432.5,70
20130811,r1004665,uvex_1097o,r,1.43,0.105,478.7,287
20130811,r1004666,uvex_1097o,U,1.83,0.103,421.6,27
20130811,r1004667,uvex_1097o,g,1.56,0.103,448.5,135
20130811,r1004668,uvex_1098,He1,1.34,0.066,428.3,53
20130811,r1004669,uvex_1098,r,1.35,0.089,478.1,190
20130811,r1004670,uvex_1098,U,1.76,0.104,421.5,23
20130811,r1004671,uvex_1098,g,1.46,0.067,440.1,95
20130811,r1004672,uvex_1098o,He1,1.33,0.092,434.4,47
20130811,r1004673,uvex_1098o,r,1.38,0.089,470.9,163
20130811,r1004674,uvex_1098o,U,1.50,0.107,422.7,17
20130811,r1004675,uvex_1098o,g,1.41,0.091,442.7,88
20130811,r1004676,uvex_1104,He1,1.36,0.072,429.1,80
20130811,r1004677,uvex_1104,r,1.38,0.074,472.1,263
20130811,r1004678,uvex_1104,U,1.82,0.066,416.5,29
20130811,r1004679,uvex_1104,g,1.54,0.074,438.9,131
20130811,r1004680,HZ4,He1,1.79,0.143,454.4,31
20130811,r1004681,HZ4,r,1.49,0.082,458.6,61
20130811,r1004682,HZ4,U,1.90,0.120,435.7,22
20130811,r1004683,HZ4,g,1.57,0.111,441.7,48
20130811,r1004684,HZ4,Ha,1.41,0.125,447.5,60
20130811,r1004685,HZ4,r,1.38,0.097,454.7,67
20130811,r1004686,HZ4,i,1.35,0.095,465.5,61
20130811,r1004687,SA95-271,Ha,1.46,0.143,31.2,29
20130811,r1004688,SA95-271,r,1.32,0.084,75.0,55
20130811,r1004689,SA95-271,i,1.21,0.076,68.3,46
20130811,r1004690,SA95-271,He1,1.40,0.105,44.0,32
20130811,r1004691,SA95-271,r,1.24,0.093,43.6,35
20130811,r1004692,SA95-271,U,1.74,0.090,125.4,18
20130811,r1004693,SA95-271,g,1.58,0.120,138.7,28
