night,ext_r,f_phot
030101,0.241:,0.74
030102,0.215:,0.53
030103,0.106,1.0
030104,0.106,0.91
030105,0.116,1.0
030106,0.115,0.98
030107,0.117,0.94
030108,,
030109,0.255:,0.97
030110,,0.49
030111,,
030112,,
030113,,
030114,,
030115,,
030116,0.085,1.0
030117,0.085,1.0
030118,,0.0
030119,0.106:,0.43
030120,0.107,1.0
030121,0.105:,0.62
030122,0.119,1.0
030123,0.094,1.0
030124,0.270:,1.0
030125,0.525:,0.32
030126,0.099:,0.68
030127,,0.0
030128,0.091,0.97
030129,,
030130,,0.0
030131,,
030201,,
030202,,
030203,,
030204,,
030205,0.089,0.81
030206,0.079,0.7
030207,,
030208,0.108,0.9
030209,0.092,1.0
030210,0.091,1.0
030211,0.091,1.0
030212,0.310:,0.72
030213,0.107,1.0
030214,0.094,0.96
030215,0.093,1.0
030216,0.097,0.97
030217,0.104,0.96
030218,0.119:,0.91
030219,,
030220,0.118:,1.0
030221,0.100,1.0
030222,0.115,0.71
030223,,
030224,,0.44
030225,0.094,0.97
030226,0.096,0.91
030227,0.097,0.97
030228,0.092,0.96
030301,0.122,0.88
030302,0.095,1.0
030303,0.095,0.97
030304,0.119,0.62
030305,0.082,0.63
030306,0.088:,0.21
030307,,0.03
030308,0.101,1.0
030309,0.092,0.87
030310,0.123,0.86
030311,0.114,0.91
030312,,
030313,,0.13
030314,,0.0
030315,,
030316,0.115:,0.7
030317,0.104,0.9
030318,0.118,0.92
030319,0.111,0.63
030320,,
030321,,
030322,0.127:,0.49
030323,,
030324,,0.0
030325,,0.09
030326,0.130,1.0
030327,0.104,0.83
030328,0.125,0.69
030329,0.131:,0.3
030330,0.319:,0.19
030331,0.103:,0.8
030401,0.392:,0.29
030402,0.166:,0.54
030403,0.197:,0.64
030404,0.093,0.92
030405,,
030406,,
030407,,
030408,0.094,1.0
030409,0.076,0.97
030410,0.089,1.0
030411,0.091:,0.96
030412,,
030413,0.075:,0.42
030414,0.081,0.97
030415,0.071,1.0
030416,0.073,0.7
030417,0.132,0.81
030418,0.125:,0.25
030419,0.092,0.93
030420,,
030421,0.103,0.58
030422,0.103,0.97
030423,,0.17
030424,0.115:,0.44
030425,0.102,0.97
030426,0.092,1.0
030427,0.096,1.0
030428,0.091,1.0
030429,,
030430,,0.0
030501,0.093,1.0
030502,0.068,0.97
030503,0.107:,0.33
030504,,1.0
030505,0.068,1.0
030506,0.059,1.0
030507,0.070,1.0
030508,,0.35
030509,0.161,0.95
030510,0.084,1.0
030511,0.062,1.0
030512,0.078,1.0
030513,0.063,1.0
030514,0.083:,0.48
030515,0.159,0.91
030516,0.086,0.83
030517,0.086,1.0
030518,0.082,1.0
030519,0.188:,0.96
030520,0.092:,0.39
030521,0.197,1.0
030522,0.234,0.96
030523,0.383,1.0
030524,0.215,1.0
030525,0.115,1.0
030526,0.099,1.0
030527,,0.05
030528,0.134,0.91
030529,0.103,0.96
030530,0.100,0.94
030531,0.111,0.63
030601,0.088,1.0
030602,0.097,0.7
030603,0.116,1.0
030604,0.102,1.0
030605,0.092,1.0
030606,0.096:,0.98
030607,0.128,1.0
030608,0.108,1.0
030609,0.100,1.0
030610,0.086,1.0
030611,0.114:,0.4
030612,0.101,0.95
030613,0.095,0.93
030614,0.097,1.0
030615,0.079,1.0
030616,0.089,0.96
030617,0.084,1.0
030618,0.087,1.0
030619,0.083,1.0
030620,,
030621,0.088,0.96
030622,0.099,1.0
030623,0.101,0.96
030624,,0.12
030625,0.110,1.0
030626,0.107,1.0
030627,0.085,1.0
030628,0.086,0.95
030629,0.332:,1.0
030630,0.207:,0.36
030701,,0.22
030702,0.123,0.94
030703,0.076,0.87
030704,0.072,0.99
030705,0.084,0.96
030706,0.080,0.84
030707,0.237,0.9
030708,0.122,1.0
030709,0.077,1.0
030710,0.672:,0.47
030711,,0.1
030712,0.442:,0.26
030713,0.100,0.94
030714,0.084,0.93
030715,0.097,0.95
030716,0.089,0.91
030717,0.266:,0.86
030718,0.373:,0.58
030719,0.959:,0.13
030720,0.495:,0.66
030721,0.422,0.74
030722,0.430,0.93
030723,0.323,0.93
030724,0.254,0.96
030725,0.100,0.9
030726,0.121,0.95
030727,0.109,0.96
030728,0.088,1.0
030729,0.094,1.0
030730,0.102,1.0
030731,,
030801,0.132,1.0
030802,0.195,1.0
030803,0.128,1.0
030804,0.110,1.0
030805,0.104,1.0
030806,0.330,0.97
030807,0.308,0.98
030808,0.256,0.93
030809,0.103,0.99
030810,,
030811,,
030812,,
030813,,
030814,,
030815,,
030816,,
030817,,
030818,,
030819,,0.0
030820,0.093,1.0
030821,0.080,1.0
030822,0.098,0.93
030823,0.100,0.84
030824,0.103,0.93
030825,0.086,1.0
030826,0.096,0.97
030827,0.091,0.89
030828,0.085,1.0
030829,0.080,1.0
030830,0.092,0.93
030831,,0.07
030901,0.300,0.52
030902,0.570:,0.33
030903,0.384:,0.97
030904,0.083,1.0
030905,0.075,1.0
030906,0.089,1.0
030907,0.084,1.0
030908,0.341:,0.36
030909,0.268:,0.37
030910,,0.0
030911,0.202:,0.3
030912,0.124:,0.31
030913,0.275:,1.0
030914,0.163,1.0
030915,0.105,1.0
030916,0.090,1.0
030917,0.102,0.96
030918,0.109,0.95
030919,0.090,0.95
030920,0.115,0.54
030921,0.103,0.72
030922,0.098:,0.72
030923,0.097,1.0
030924,0.178:,0.63
030925,0.230:,0.99
030926,0.162,1.0
030927,0.116,0.9
030928,0.137,0.96
030929,0.234:,1.0
030930,0.213:,0.33
031001,0.317:,0.18
031002,,0.63
031003,,0.04
031004,,
031005,,
031006,,
031007,,0.0
031008,0.096,0.84
031009,,0.0
031010,,0.89
031011,0.074:,0.48
031012,0.094,0.99
031013,0.109:,0.47
031014,0.121,0.57
031015,0.088,1.0
031016,0.095,0.99
031017,0.092,0.83
031018,0.093,1.0
031019,0.095,0.97
031020,,
031021,,
031022,,
031023,,
031024,,0.82
031025,,1.0
031026,,0.0
031027,,0.0
031028,0.135:,0.48
031029,,0.03
031030,0.084,1.0
031031,0.083,1.0
031101,0.082,0.97
031102,0.083,0.62
031103,0.098,0.99
031104,0.088,0.97
031105,,
031106,,
031107,0.075:,0.45
031108,0.080,1.0
031109,0.084,0.96
031110,0.079,0.98
031111,0.073,1.0
031112,0.075,1.0
031113,0.073,1.0
031114,0.090,0.55
031115,0.074,0.97
031116,0.080,1.0
031117,0.083,1.0
031118,0.080,1.0
031119,,
031120,,
031121,,
031122,,
031123,,
031124,,0.79
031125,0.083,1.0
031126,0.101,0.74
031127,0.089,1.0
031128,0.097,1.0
031129,0.084,1.0
031130,0.087,1.0
031201,,
031202,0.124:,1.0
031203,0.085,1.0
031204,,
031205,0.079,1.0
031206,0.084,0.54
031207,0.074,1.0
031208,0.125,0.7
031209,,0.33
031210,,0.03
031211,,0.2
031212,0.116,0.99
031213,0.082,0.56
031214,0.080,1.0
031215,0.086,1.0
031216,0.081,1.0
031217,0.086,0.96
031218,,0.0
031219,,0.0
031220,,0.11
031221,,0.28
031221,0.159:,0.28
031222,,0.28
031222,0.186:,0.28
031223,,
031224,,0.06
031225,,0.0
031226,,0.0
031227,0.124,0.67
031228,0.069,1.0
031229,0.152:,1.0
031230,0.252:,0.3
031231,0.073,0.98
040101,,0.17
040102,0.083,1.0
040103,0.077,0.99
040104,0.109,0.77
040105,,
040106,,0.31
040107,0.081,0.93
040108,0.103,0.99
040109,,0.23
040110,0.108:,0.41
040111,,
040112,0.081,1.0
040113,0.077,0.99
040114,0.083,0.89
040115,0.083,0.9
040116,0.067:,0.71
040117,0.093,1.0
040118,0.075,1.0
040119,0.124:,0.41
040120,0.098,0.87
040121,0.095,0.55
040122,0.078,0.99
040123,0.067,1.0
040124,0.071,1.0
040125,0.077,1.0
040126,0.076,1.0
040127,0.101:,0.41
040128,0.092:,1.0
040129,0.074,0.96
040130,0.102,0.52
040131,,0.0
040201,0.080,1.0
040202,0.072,1.0
040203,0.070,0.88
040204,0.220:,0.82
040205,0.109:,0.26
040206,0.088:,0.4
040207,,0.0
040208,0.171:,0.17
040209,0.128:,0.43
040210,0.098,1.0
040211,0.133,1.0
040212,0.095,0.81
040213,0.183,0.97
040214,0.147,0.82
040215,0.106:,0.21
040216,0.212:,0.52
040217,0.170,1.0
040218,,0.0
040219,,
040220,,
040221,,
040222,,
040223,,
040224,,
040225,,
040226,,0.12
040227,,
040228,0.089,1.0
040229,0.097,0.79
040301,0.098,0.97
040302,0.088,1.0
040303,0.091,0.9
040304,0.168:,0.14
040305,0.114,0.75
040306,0.124:,0.32
040307,0.116:,0.33
040308,0.127,0.68
040309,0.119,1.0
040310,0.100,1.0
040311,0.144:,0.45
040312,0.096,0.94
040313,0.091,0.74
040314,0.097,1.0
040315,0.100,1.0
040316,0.100,1.0
040317,0.100,1.0
040318,0.112,0.99
040319,0.096,0.99
040320,0.106,0.96
040321,0.109,1.0
040322,0.359:,0.77
040323,0.557,0.73
040324,0.106,1.0
040325,0.100:,0.8
040326,,
040327,,
040328,,
040329,,
040330,,
040331,0.118,1.0
040401,,
040402,0.158,0.54
040403,0.108,0.75
040404,,0.23
040405,0.134,0.86
040406,0.107,0.72
040407,0.120,1.0
040408,,
040409,,
040410,,
040411,,
040412,,0.6
040413,,0.0
040414,,
040415,,
040416,,
040417,,
040418,0.092,0.92
040419,0.098,0.91
040420,0.089,0.95
040421,0.098,0.92
040422,0.106,0.64
040423,0.092,0.92
040424,0.102,1.0
040425,0.099,1.0
040426,,1.0
040427,,0.0
040428,0.108,0.53
040429,0.125,0.99
040430,,
040501,,
040502,0.103,1.0
040503,0.130,0.81
040504,0.132,0.93
040505,,0.24
040506,0.112,0.91
040507,,
040508,0.127:,1.0
040509,0.110,0.96
040510,0.095,1.0
040511,0.090,0.75
040512,,
040513,0.107,0.93
040514,0.108,0.94
040515,0.115,1.0
040516,0.112,1.0
040517,0.103,1.0
040518,0.087:,0.47
040519,0.091,1.0
040520,0.169:,0.26
040521,,
040522,,
040523,0.142:,0.36
040524,0.172:,0.76
040525,0.106,1.0
040526,0.085,1.0
040527,0.096,1.0
040528,0.094,1.0
040529,0.136,0.86
040530,0.119,1.0
040531,0.094,1.0
040601,0.095,1.0
040602,0.089,0.95
040603,0.286,0.67
040604,0.400,0.61
040605,,
040606,,
040607,,
040608,,
040609,,
040610,0.103,1.0
040611,0.110,0.96
040612,,
040613,,
040614,0.123,0.95
040615,0.105,0.96
040616,,
040617,0.087,0.96
040618,0.101,1.0
040619,0.097,0.95
040620,,
040621,0.105,1.0
040622,0.097,0.95
040623,,
040624,0.097,1.0
040625,0.098,0.94
040626,0.105,1.0
040627,,
040628,,
040629,,
040630,,
040701,,
040702,,
040703,,
040704,,
040705,,
040706,,
040707,0.086,1.0
040708,0.083,1.0
040709,0.088,1.0
040710,0.085,1.0
040711,0.099,0.96
040712,0.087,0.96
040713,0.278,0.96
040714,0.287,0.93
040715,0.173,1.0
040716,0.089,1.0
040717,0.091,0.96
040718,0.087,0.96
040719,0.077,0.69
040720,0.096,0.74
040721,0.125,1.0
040722,0.371,1.0
040723,,
040724,,
040725,,
040726,,
040727,,
040728,0.293:,0.45
040729,0.271,0.53
040730,,0.55
040731,,
040801,,
040802,,
040803,0.113:,0.27
040804,0.114:,0.36
040805,0.096,1.0
040806,0.100,1.0
040807,0.111,1.0
040808,,
040809,0.098,0.95
040810,0.105,1.0
040811,0.105,1.0
040812,0.097,1.0
040813,0.094,1.0
040814,0.274,1.0
040815,0.572:,0.49
040816,,
040817,0.097,1.0
040818,0.094,0.99
040819,0.095,1.0
040820,0.115,1.0
040821,0.097,1.0
040822,0.088,1.0
040823,0.099,1.0
040824,,
040825,,1.0
040826,,
040827,,0.0
040828,,0.0
040829,,0.0
040830,,0.14
040831,0.188:,0.49
040901,0.111,1.0
040902,,
040903,,
040904,0.110,0.85
040905,0.213,0.7
040906,0.239,0.53
040907,0.135,1.0
040908,0.122,1.0
040909,0.132,0.94
040910,0.423,1.0
040911,0.231,1.0
040912,0.174,1.0
040913,0.131,1.0
040914,0.103,1.0
040915,0.111,1.0
040916,0.117,1.0
040917,0.115,1.0
040918,,
040919,,
040920,0.147,1.0
040921,0.233:,0.9
040922,0.184,1.0
040923,,0.41
040924,,0.0
040925,0.275:,0.82
040926,0.149:,0.83
040927,0.108:,0.9
040928,0.105,1.0
040929,0.200,1.0
040930,,0.0
041001,0.217,1.0
041002,0.140,1.0
041003,0.118,0.59
041004,0.114,1.0
041005,0.118,1.0
041006,0.106,0.96
041007,0.113,0.95
041008,,0.0
041009,0.116,1.0
041010,,0.47
041011,,0.0
041012,,
041013,,
041014,,
041015,0.108,0.88
041016,0.327:,0.49
041017,,
041018,,0.0
041019,,
041020,0.106,0.93
041021,0.107,1.0
041022,0.096,1.0
041023,0.219,0.95
041024,0.182,0.98
041025,0.197:,0.55
041026,0.208,0.67
041027,,1.0
041028,,
041029,,
041030,0.097,1.0
041031,0.103,0.99
041101,,0.0
041102,0.250:,0.4
041103,0.134,0.76
041104,0.112,1.0
041105,0.110,1.0
041106,,
041107,,
041108,,
041109,,
041110,,
041111,,0.33
041112,,0.0
041113,,0.89
041114,0.092,1.0
041115,0.095,1.0
041116,,0.08
041117,,0.15
041118,,0.04
041119,,0.0
041120,0.111,0.99
041121,0.100,1.0
041122,0.115,0.64
041123,,0.19
041124,,0.0
041125,,0.0
041126,,0.0
041127,,0.0
041128,,0.0
041129,,
041130,,1.0
041201,0.092,1.0
041202,,
041203,,
041204,0.102,0.99
041205,0.092,0.91
041206,0.087,0.98
041207,0.086,0.99
041208,0.084,0.99
041209,0.098,0.99
041210,,1.0
041211,0.103,0.98
041212,,
041213,,
041214,,
041215,,
041216,,
041217,0.103,0.99
041218,0.096,0.72
041219,0.095,0.99
041220,0.091,0.95
041221,,
041222,,
041223,,
041224,0.099,1.0
041225,0.088,0.86
041226,,
041227,0.082:,0.4
041228,0.091,0.99
041229,0.092,0.99
041230,0.088,0.99
041231,0.094,0.99
050101,0.088,0.99
050102,0.089,1.0
050103,0.095,0.99
050104,0.086,0.99
050105,0.082,0.82
050106,0.114,0.76
050107,0.108,0.99
050108,0.102,1.0
050109,0.110,0.99
050110,0.096,1.0
050111,0.094,1.0
050112,0.086,0.97
050113,0.084,1.0
050114,0.088,1.0
050115,0.109:,0.35
050116,,
050117,,
050118,,
050119,,
050120,,
050121,,0.0
050122,0.094,1.0
050123,0.082,0.81
050124,0.095,0.84
050125,0.091,1.0
050126,,
050127,,
050128,,
050129,,
050130,,
050131,,
050201,,
050202,,
050203,,
050204,,
050205,,
050206,,
050207,,
050208,,
050209,,
050210,,
050211,,
050212,,
050213,,
050214,,
050215,,
050216,,
050217,,
050218,,
050219,,
050220,,
050221,,
050222,,
050223,,
050224,,
050225,,
050226,,
050227,,
050228,,
050301,,
050302,,
050303,,
050304,,
050305,,
050306,,
050307,0.112:,0.35
050308,0.213:,0.39
050309,,0.32
050310,,0.0
050311,0.074,0.8
050312,0.104:,1.0
050313,,1.0
050314,0.088,0.85
050315,,0.15
050316,,0.04
050317,0.107:,0.74
050318,,0.0
050319,,0.03
050320,0.080,1.0
050321,0.112,0.96
050322,0.093,0.56
050323,0.081,0.72
050324,0.069,1.0
050325,0.070,1.0
050326,0.082,1.0
050327,0.095,0.95
050328,0.098,1.0
050329,0.076,0.96
050330,,0.04
050331,0.086:,0.44
050401,0.060,1.0
050402,0.072,1.0
050403,0.090:,0.23
050404,0.078,1.0
050405,,1.0
050406,0.077,1.0
050407,0.078:,1.0
050408,0.081,1.0
050409,,0.28
050410,0.148:,0.82
050411,0.127:,1.0
050412,,0.65
050413,0.315:,1.0
050414,0.087,1.0
050415,,
050416,0.104,1.0
050417,0.094,1.0
050418,,
050419,0.094,0.98
050420,0.101,0.65
050421,,0.2
050422,0.083,0.84
050423,0.107:,0.28
050424,0.144:,0.12
050425,,0.05
050426,0.101,0.95
050427,0.107,0.59
050428,0.089,0.95
050429,0.092,1.0
050430,0.085,1.0
050501,0.070,1.0
050502,0.097,1.0
050503,0.344,0.95
050504,0.287:,0.35
050505,0.197,1.0
050506,0.196,1.0
050507,0.178,1.0
050508,0.098,1.0
050509,,0.0
050510,0.098:,0.99
050511,0.093,1.0
050512,,0.0
050513,,0.0
050514,,0.0
050515,,0.0
050516,,0.0
050517,0.099:,0.68
050518,0.099,1.0
050519,0.094:,0.32
050520,,0.34
050521,,0.19
050522,0.122,0.69
050523,,0.26
050524,,0.29
050525,,0.0
050526,0.103,1.0
050527,,0.15
050528,0.095,1.0
050529,0.094,0.67
050530,0.090,1.0
050531,0.098,0.99
050601,0.089,1.0
050602,0.085,1.0
050603,0.084,1.0
050604,0.084,1.0
050605,0.090,1.0
050606,0.168,1.0
050607,0.161:,0.66
050608,0.098,1.0
050609,,0.32
050610,0.085,1.0
050611,0.090,1.0
050612,0.089,1.0
050613,0.095,1.0
050614,0.087,1.0
050615,0.084,1.0
050616,0.092:,0.66
050617,,0.01
050618,0.253:,0.49
050619,0.110,0.96
050620,,0.34
050621,,
050622,0.143,0.58
050623,,0.04
050624,,
050625,,0.07
050626,0.092,1.0
050627,0.083,1.0
050628,0.074,1.0
050629,0.076,1.0
050630,0.080,1.0
050701,0.078,1.0
050702,0.085,1.0
050703,0.084,1.0
050704,0.087,1.0
050705,0.099,1.0
050706,0.078,1.0
050707,0.076,1.0
050708,0.076,1.0
050709,0.075,1.0
050710,0.070,1.0
050711,0.081,1.0
050712,0.210,1.0
050713,0.220,1.0
050714,0.094,1.0
050715,0.172,1.0
050716,0.198:,0.35
050717,0.287,0.75
050718,0.228,0.89
050719,,0.29
050720,,0.0
050721,,0.21
050722,0.231:,0.36
050723,0.083,1.0
050724,0.101,1.0
050725,0.151,1.0
050726,,
050727,,0.0
050728,0.095:,0.94
050729,,
050730,0.088,1.0
050731,0.088,1.0
050801,0.092,1.0
050802,0.093,1.0
050803,0.084,1.0
050804,0.087,1.0
050805,0.089,1.0
050806,0.177,1.0
050807,0.172,1.0
050808,0.109,0.97
050809,0.096,1.0
050810,0.122,0.96
050811,0.090,0.96
050812,0.101,1.0
050813,,0.0
050814,0.091,1.0
050815,0.088,1.0
050816,0.087,1.0
050817,,0.0
050818,,
050819,,0.0
050820,,
050821,,
050822,,
050823,,
050824,,
050825,,
050826,,
050827,,
050828,,
050829,0.370,0.96
050830,0.467,0.64
050831,0.459,0.94
050901,0.538,0.73
050902,0.498:,0.37
050903,0.337,0.8
050904,0.300,1.0
050905,0.243,1.0
050906,,
050907,,
050908,,
050909,,
050910,,
050911,,
050912,0.103,1.0
050913,,1.0
050914,0.105,1.0
050915,0.111:,1.0
050916,0.105,1.0
050917,0.105,1.0
050918,0.114,1.0
050919,0.131,0.9
050920,0.104,1.0
050921,,0.2
050922,0.109,0.99
050923,0.120,1.0
050924,0.104,1.0
050925,0.102,1.0
050926,0.114:,0.37
050927,,0.03
050928,0.143,0.79
050929,0.211,1.0
050930,,0.06
051001,,0.0
051002,0.125:,0.88
051003,0.108,1.0
051004,0.117,1.0
051005,0.153,0.56
051006,,0.0
051007,,
051008,,
051009,,
051010,0.103,1.0
051011,0.122:,0.29
051012,,0.14
051013,0.106,0.6
051014,,
051015,,
051016,,
051017,,0.05
051018,0.101,0.97
051019,0.118,1.0
051020,0.114,0.9
051021,,
051022,0.111,0.99
051023,0.104,0.97
051024,0.099,0.95
051025,0.105:,0.34
051026,,0.0
051027,0.103,1.0
051028,0.101,0.99
051029,,0.4
051030,,0.0
051031,0.177:,0.61
051101,0.102,1.0
051102,0.099,1.0
051103,0.124:,0.5
051104,0.103,1.0
051105,0.127,0.81
051106,0.105,1.0
051107,0.157:,0.27
051108,,0.0
051109,0.212:,0.5
051110,0.108,0.62
051111,,0.52
051112,0.105,1.0
051113,,
051114,,
051115,,0.0
051116,,0.19
051117,0.124,0.82
051118,0.110:,0.43
051119,0.116:,0.36
051120,0.102,1.0
051121,,0.0
051122,,0.51
051123,,0.37
051124,,0.04
051125,0.191:,0.28
051126,,0.0
051127,,
051128,,
051129,,
051130,0.196:,0.37
051201,0.118:,0.38
051202,0.168:,0.18
051203,0.114:,0.39
051204,0.104,0.6
051205,,0.0
051206,0.112,0.99
051207,0.109,0.85
051208,0.105,1.0
051209,0.138,0.85
051210,0.116,0.7
051211,,0.0
051212,,0.0
051213,0.107,1.0
051214,0.098,0.98
051215,,0.0
051216,0.101:,0.63
051217,,1.0
051218,,0.03
051219,,
051220,,
051221,0.107,1.0
051222,,0.0
051223,0.106,1.0
051224,0.109,0.53
051225,,0.0
051226,0.101,0.66
051227,,
051228,,
051229,0.095,1.0
051230,0.199:,0.39
051231,,0.17
060101,0.094:,0.68
060102,0.097,0.72
060103,0.096,0.94
060104,,
060105,0.097,1.0
060106,0.095:,1.0
060107,0.094,0.98
060108,,
060109,,
060110,,
060111,,
060112,,
060113,,
060114,0.102,1.0
060115,,1.0
060116,,
060117,,
060118,,
060119,,
060120,,0.0
060121,0.097,1.0
060122,,0.0
060123,,0.35
060124,,
060125,,
060126,,
060127,,
060128,0.090,1.0
060129,0.097,1.0
060130,0.103,1.0
060131,,0.0
060201,,
060202,,
060203,,
060204,,
060205,0.094,1.0
060206,,0.0
060207,,
060208,,
060209,,
060210,,
060211,,
060212,,
060213,0.093:,0.5
060214,,1.0
060215,0.093,1.0
060216,0.095,1.0
060217,0.097,1.0
060218,0.105:,0.32
060219,0.096,0.59
060220,0.096,1.0
060221,0.091,1.0
060222,0.086,1.0
060223,0.097:,0.45
060224,0.090,1.0
060225,,1.0
060226,0.131,0.53
060227,,
060228,,
060301,,
060302,0.087,1.0
060303,0.094,1.0
060304,0.095,1.0
060305,0.091,1.0
060306,0.086,1.0
060307,0.088,1.0
060308,0.082,1.0
060309,0.089,1.0
060310,0.083,1.0
060311,0.092,1.0
060312,0.131,0.74
060313,0.098,0.95
060314,0.097,0.93
060315,0.097,1.0
060316,,
060317,,
060318,0.089,1.0
060319,0.094,0.98
060320,0.089,1.0
060321,0.098:,0.32
060322,0.090,0.97
060323,0.103,0.69
060324,0.087,0.8
060325,0.135:,0.33
060326,,0.0
060327,0.090,0.79
060328,0.081,1.0
060329,,0.29
060330,0.362,0.54
060331,0.535:,0.35
060401,0.262,1.0
060402,,0.17
060403,0.103,0.56
060404,,0.0
060405,0.082:,0.48
060406,0.091,1.0
060407,0.097,0.96
060408,,0.79
060409,0.105:,0.37
060410,0.081,1.0
060411,0.099:,0.48
060412,,0.0
060413,,
060414,0.089:,0.11
060415,0.097,0.97
060416,,0.0
060417,0.105,1.0
060418,0.130,0.85
060419,0.136,1.0
060420,0.133,1.0
060421,,
060422,0.104,1.0
060423,0.094,1.0
060424,0.094,1.0
060425,0.106,0.97
060426,0.137,0.93
060427,0.111,0.96
060428,0.119,0.94
060429,0.111,0.95
060430,0.098,0.93
060501,,0.0
060502,0.084,0.83
060503,0.105,0.93
060504,,
060505,0.098,1.0
060506,0.113,0.68
060507,0.101,1.0
060508,0.096:,0.44
060509,,0.0
060510,0.105,1.0
060511,0.085,1.0
060512,0.095,0.97
060513,0.092,0.93
060514,0.093,0.94
060515,0.102,0.99
060516,0.222:,0.82
060517,0.101,0.94
060518,0.088,0.96
060519,0.087,0.99
060520,0.096,0.95
060521,0.087,0.99
060522,0.077,0.99
060523,0.085,1.0
060524,0.080,1.0
060525,0.074,0.99
060526,0.085,1.0
060527,0.122,1.0
060528,0.136,0.98
060529,0.124,1.0
060530,0.116,1.0
060531,0.085,0.98
060601,0.095,0.97
060602,0.083,0.67
060603,0.094:,0.46
060604,0.082,1.0
060605,0.089,1.0
060606,0.097,1.0
060607,0.095,1.0
060608,0.082,1.0
060609,0.074,0.91
060610,0.070,0.9
060611,0.070,0.85
060612,0.087,0.57
060613,0.086,0.83
060614,,
060615,0.081,1.0
060616,0.099,1.0
060617,0.094,0.94
060618,0.087,1.0
060619,0.081,1.0
060620,,
060621,0.085,1.0
060622,,
060623,0.087,1.0
060624,0.082,0.95
060625,0.076,0.85
060626,0.085,0.96
060627,0.099,1.0
060628,0.081,1.0
060629,0.085,0.94
060630,0.192,1.0
060701,0.100,0.96
060702,0.098,1.0
060703,0.099,1.0
060704,0.100,0.93
060705,0.080,1.0
060706,0.085,1.0
060707,0.081,1.0
060708,0.139:,0.3
060709,0.109,1.0
060710,,0.06
060711,0.285:,0.28
060712,0.141,0.66
060713,0.076,1.0
060714,0.092,0.96
060715,0.096,0.94
060716,0.338:,0.12
060717,0.214,0.9
060718,0.084,1.0
060719,0.074,1.0
060720,0.265:,0.88
060721,0.320:,1.0
060722,0.605:,0.12
060723,0.408,1.0
060724,0.336,0.78
060725,0.310,0.98
060726,0.088,0.94
060727,0.099,0.8
060728,0.118,0.8
060729,0.083,1.0
060730,0.087,0.96
060731,0.081,0.93
060801,0.092,1.0
060802,0.158,1.0
060803,0.261,0.62
060804,0.110,0.84
060805,0.129,1.0
060806,0.080,0.9
060807,0.082,1.0
060808,0.091,0.88
060809,0.085,0.96
060810,0.087,1.0
060811,0.090,1.0
060812,0.083,1.0
060813,0.080,0.96
060814,,0.03
060815,0.459,0.51
060816,,0.0
060817,0.212,0.97
060818,,
060819,0.086,0.93
060820,0.080,0.93
060821,0.075,0.97
060822,0.072,0.97
060823,0.083,0.97
060824,0.134,0.97
060825,0.162,0.97
060826,0.129,0.97
060827,0.243,0.81
060828,0.724:,0.35
060829,0.501:,0.56
060830,0.301,0.97
060831,0.099,0.94
060901,0.114,0.93
060902,0.229:,0.5
060903,,0.0
060904,,0.04
060905,0.418:,0.22
060906,0.281:,0.26
060907,,0.0
060908,0.113,1.0
060909,,0.0
060910,0.195,0.96
060911,0.137,0.97
060912,,
060913,0.098,1.0
060914,0.087,0.97
060915,0.091,1.0
060916,0.087,0.87
060917,,0.0
060918,0.088,0.91
060919,0.096,0.94
060920,0.080,0.95
060921,,1.0
060922,0.078,0.95
060923,0.092,0.9
060924,0.095,0.97
060925,0.097,0.82
060926,0.083,0.96
060927,0.145,0.95
060928,0.270:,0.83
060929,0.089,0.61
060930,0.223,0.87
061001,0.212,0.63
061002,0.252:,0.34
061003,0.183:,0.43
061004,,0.17
061005,,0.08
061006,0.148,0.87
061007,,0.0
061008,0.127,0.75
061009,0.159,0.69
061010,0.146,1.0
061011,0.094,0.94
061012,0.098,0.93
061013,0.095,0.97
061014,0.089:,0.44
061015,,0.85
061016,,
061017,0.069,1.0
061018,,
061019,0.100,0.9
061020,0.129,0.55
061021,0.103:,0.48
061022,0.122,0.75
061023,,
061024,,
061025,,
061026,0.081,0.97
061027,0.087,0.84
061028,,
061029,0.120,0.92
061030,,0.0
061031,,
061101,,
061102,,0.08
061103,,
061104,0.135,0.66
061105,,0.0
061106,,0.0
061107,,0.12
061108,0.096:,0.49
061109,0.100,0.95
061110,0.097,1.0
061111,,0.0
061112,,0.0
061113,0.210:,0.27
061114,,0.0
061115,,
061116,0.095,0.97
061117,0.085,0.7
061118,,0.01
061119,,0.0
061120,,0.0
061121,,0.0
061122,0.146,0.96
061123,0.128,0.76
061124,,
061125,0.103,0.97
061126,0.158:,0.72
061127,0.105,1.0
061128,0.118:,0.95
061129,0.101,1.0
061130,0.098,1.0
061201,,0.14
061202,0.162:,0.45
061203,0.185:,0.13
061204,0.101,0.97
061205,0.109,1.0
061206,0.106,1.0
061207,0.098,0.84
061208,,0.15
061209,,
061210,,
061211,,
061212,0.104,1.0
061213,0.101,0.98
061214,0.094,1.0
061215,0.104,0.87
061216,0.112:,0.16
061217,0.193:,0.47
061218,,0.0
061219,,0.0
061220,,
061221,0.129,0.97
061222,0.104,1.0
061223,0.111,0.62
061224,0.116,0.94
061225,0.152:,0.39
061226,0.119,0.87
061227,,0.0
061228,0.095,0.98
061229,0.091,1.0
061230,0.097,1.0
061231,0.093,1.0
070101,0.087,0.93
070102,0.090,1.0
070103,0.159,0.68
070104,0.108,0.66
070105,,0.0
070106,,0.0
070107,,
070108,,0.09
070109,0.110:,0.21
070110,0.115,1.0
070111,,0.0
070112,,0.0
070113,0.286:,1.0
070114,0.110,0.77
070115,0.121,0.64
070116,0.160:,0.39
070117,0.136,0.86
070118,,0.11
070119,0.129:,0.94
070120,0.107,1.0
070121,0.096,1.0
070122,0.100,0.97
070123,,0.1
070124,,0.08
070125,,
070126,,
070127,,
070128,,
070129,0.112,0.62
070130,,0.89
070131,,
070201,,
070202,0.090,0.96
070203,0.092,0.75
070204,,0.19
070205,,
070206,0.134,0.59
070207,0.095,0.95
070208,0.093,0.99
070209,0.084,0.95
070210,0.082,0.97
070211,0.145,0.51
070212,0.085,0.96
070213,0.109:,0.3
070214,0.088,0.88
070215,0.095,1.0
070216,,0.03
070217,0.094,0.76
070218,0.087,0.79
070219,,0.11
070220,0.090,0.99
070221,0.080,1.0
070222,0.085,1.0
070223,0.083,1.0
070224,0.082,1.0
070225,0.077,1.0
070226,0.068,0.99
070227,0.080,0.99
070228,0.083,0.99
070301,0.102,0.99
070302,0.082,0.95
070303,0.083,0.96
070304,0.109:,0.86
070305,0.088,0.99
070306,0.091,1.0
070307,0.081,0.99
070308,0.094:,0.36
070309,0.129:,0.4
070310,0.086,1.0
070311,,
070312,0.092,1.0
070313,,
070314,,
070315,,
070316,,
070317,,
070318,,
070319,,
070320,,
070321,,
070322,,
070323,,
070324,,
070325,,
070326,,
070327,,
070328,,
070329,,
070330,,
070331,,
070401,,
070402,,
070403,,
070404,,
070405,,
070406,,
070407,,
070408,,
070409,,
070410,,
070411,,
070412,,
070413,,
070414,,
070415,,
070416,,
070417,,
070418,,
070419,,
070420,,
070421,,
070422,,
070423,,
070424,,
070425,,
070426,,
070427,,
070428,,
070429,,
070430,,
070501,,
070502,0.093,0.96
070503,,0.19
070504,0.104,0.61
070505,,0.13
070506,0.110:,0.45
070507,0.160:,0.39
070508,,0.06
070509,0.155,1.0
070510,0.131,1.0
070511,0.099,0.99
070512,0.119,0.93
070513,0.105,0.74
070514,,
070515,,
070516,,
070517,,
070518,,
070519,,
070520,,
070521,,
070522,,
070523,,
070524,,
070525,,
070526,,
070527,,
070528,,
070529,,
070530,,
070531,,
070601,,
070602,,
070603,,
070604,,
070605,,
070606,,
070607,,
070608,,
070609,,
070610,,
070611,,
070612,0.082,1.0
070613,0.080:,0.49
070614,0.085,1.0
070615,0.082,1.0
070616,,
070617,,
070618,0.083,1.0
070619,0.104,1.0
070620,0.116,1.0
070621,0.095,0.97
070622,,0.18
070623,0.100,1.0
070624,0.100,1.0
070625,,
070626,,0.0
070627,0.086,1.0
070628,,0.0
070629,0.090,0.89
070630,0.079,0.96
070701,,0.34
070702,0.080,0.59
070703,,0.29
070704,,0.13
070705,0.076,0.95
070706,0.081,0.99
070707,0.082:,0.19
070708,,0.04
070709,0.187:,1.0
070710,0.347,0.95
070711,0.084,0.93
070712,0.086,0.84
070713,0.088,1.0
070714,0.110,1.0
070715,0.272,1.0
070716,0.437,1.0
070717,,0.22
070718,0.416,1.0
070719,0.620:,0.27
070720,0.347,0.81
070721,0.094,1.0
070722,0.081,1.0
070723,0.091,1.0
070724,0.108,1.0
070725,0.093,1.0
070726,0.206,1.0
070727,0.489:,0.62
070728,0.292:,0.15
070729,,
070730,0.147:,0.31
070731,,0.0
070801,0.151:,0.97
070802,0.092,1.0
070803,0.152,0.89
070804,0.268,0.62
070805,0.097,1.0
070806,0.086,1.0
070807,0.094,1.0
070808,0.086,1.0
070809,0.087,1.0
070810,0.083,0.87
070811,0.106,0.99
070812,0.086,1.0
070813,0.099,1.0
070814,0.147,1.0
070815,0.191,0.92
070816,0.094,0.99
070817,,
070818,,
070819,,
070820,0.107,1.0
070821,0.116,1.0
070822,0.107,1.0
070823,0.099,1.0
070824,,
070825,,
070826,,
070827,,
070828,,0.16
070829,0.199,0.71
070830,0.142,1.0
070831,0.129,1.0
070901,0.092,1.0
070902,0.175,0.68
070903,0.142,1.0
070904,0.103,1.0
070905,0.092,0.96
070906,0.094,1.0
070907,0.092,0.97
070908,0.086,0.97
070909,0.112,0.97
070910,0.089,0.93
070911,0.096,0.97
070912,0.106,0.96
070913,0.095,0.96
070914,0.092,1.0
070915,0.108,0.65
070916,0.092,1.0
070917,0.095,1.0
070918,0.094,1.0
070919,0.092,1.0
070920,,
070921,0.360:,0.54
070922,,0.05
070923,,0.12
070924,0.092,1.0
070925,0.090,0.99
070926,0.095,0.97
070927,0.090,1.0
070928,0.091,0.97
070929,0.089,1.0
070930,0.089,1.0
071001,,0.0
071002,0.088,1.0
071003,0.182:,0.41
071004,0.127:,0.16
071005,0.102,0.99
071006,0.158:,0.11
071007,0.090,1.0
071008,0.089,1.0
071009,0.090,1.0
071010,,
071011,,
071012,,
071013,0.114,1.0
071014,0.114,0.97
071015,0.102,1.0
071016,0.099,0.72
071017,0.087,1.0
071018,0.087,1.0
071019,0.089,0.99
071020,0.084,0.99
071021,0.111,1.0
071022,0.111,1.0
071023,0.083,0.65
071024,0.088,0.77
071025,0.094:,0.47
071026,0.092,0.98
071027,,
071028,0.087,0.99
071029,0.089,0.98
071030,0.089,1.0
071031,0.090,1.0
071101,0.088,1.0
071102,0.092,1.0
071103,0.089,0.62
071104,0.119,0.87
071105,,
071106,,0.0
071107,,0.0
071108,,
071109,,0.0
071110,,
071111,,
071112,,
071113,,
071114,,
071115,,
071116,,
071117,,
071118,,
071119,,
071120,,
071121,,
071122,,
071122,,
071123,,
071124,,
071125,,
071126,,
071127,,
071128,,
071129,,
071130,,
071201,,
071202,,
071203,,
071204,,
071205,,
071206,,
071207,,
071208,,
071209,,
071210,,
071211,,
071212,,
071213,,
071214,,
071215,,
071216,,
071217,,
071218,,
071219,,
071220,,
071221,,
071222,,
071223,,
071224,,
071225,,
071226,,
071227,,
071228,,
071229,,
071230,,
071231,,
080101,,
080102,,
080103,,
080104,,
080105,,
080106,,
080107,,
080108,,
080109,,
080110,,
080111,,
080112,,
080113,,
080114,,
080115,,
080116,,
080117,,
080118,,
080119,,
080120,,
080121,,
080122,,
080123,,
080124,,
080125,,
080126,,
080127,,
080128,,
080129,,
080130,,
080131,,
080201,,
080202,,
080203,,
080204,,
080205,,
080206,,
080207,,
080208,,
080209,,
080210,,
080211,,
080212,,
080213,,
080214,,
080215,,
080216,,
080217,,
080218,,
080219,,
080220,,
080221,,
080222,,
080223,,
080224,,
080225,,
080226,,
080227,,
080228,,
080229,,
080301,,
080302,,
080303,,
080304,,
080305,,
080306,,
080307,,
080308,,
080309,,
080310,,
080311,,
080312,,
080313,,
080314,,
080315,,
080316,,
080317,,
080318,,
080319,,
080320,,
080321,,
080322,,
080323,,
080324,,
080325,,
080326,,
080327,,
080328,,0.73
080329,0.073,0.97
080330,0.095,1.0
080331,0.096,0.65
080401,0.087,0.99
080402,,0.04
080403,0.097,1.0
080404,0.083,0.99
080405,0.158,0.54
080406,,
080407,,
080408,,
080409,,
080410,,1.0
080411,0.095,0.97
080412,,0.0
080413,0.091,0.94
080414,0.090,0.83
080415,0.086:,0.6
080416,0.092,0.78
080417,0.072,1.0
080418,0.101,0.74
080419,,
080420,0.071,0.9
080421,0.075,1.0
080422,0.075,0.97
080423,0.078,1.0
080424,0.141,1.0
080425,0.559:,0.49
080426,0.446:,0.13
080427,0.243,1.0
080428,0.141,0.97
080429,0.190,0.97
080430,,0.13
080501,,0.14
080502,,0.0
080503,0.128,0.56
080504,0.097,0.72
080505,,0.03
080506,0.107,0.96
080507,,1.0
080508,,
080509,0.095,1.0
080510,0.102,0.96
080511,0.104,1.0
080512,0.122,1.0
080513,0.112,1.0
080514,0.168,1.0
080515,,1.0
080516,,0.57
080517,0.097,0.9
080518,0.112,0.52
080519,0.112,0.83
080520,0.104,1.0
080521,0.107,1.0
080522,0.095,1.0
080523,0.088,0.71
080524,0.091,1.0
080525,0.083,1.0
080526,0.081,1.0
080527,0.084,0.88
080528,0.131,0.66
080529,,0.44
080530,,0.0
080531,0.083,1.0
080601,0.083,1.0
080602,0.087,1.0
080603,0.084,0.88
080604,0.081,1.0
080605,0.083,1.0
080606,0.084,1.0
080607,0.080,1.0
080608,,
080609,0.082,1.0
080610,0.075,0.96
080611,0.084,1.0
080612,0.082,1.0
080613,0.083,1.0
080614,0.087,0.95
080615,0.091,1.0
080616,,
080617,,
080618,,
080619,,
080620,,
080621,,
080622,,
080623,,
080624,,
080625,0.167,1.0
080626,0.327,1.0
080627,,
080628,0.296,1.0
080629,0.318,1.0
080630,0.194,0.96
080701,0.091,1.0
080702,0.133,1.0
080703,0.089,1.0
080704,0.083,1.0
080705,,0.36
080706,0.107,0.53
080707,0.085,1.0
080708,0.093,1.0
080709,0.232,1.0
080710,0.373,0.65
080711,0.084,1.0
080712,0.081,1.0
080713,0.088,1.0
080714,,0.36
080715,,0.36
080716,0.077,0.74
080717,0.072:,0.45
080718,0.075,0.7
080719,,0.0
080720,,0.08
080721,,0.14
080722,0.267,1.0
080723,0.130,1.0
080724,0.128,1.0
080725,0.247,0.96
080726,0.176:,1.0
080727,0.110,1.0
080728,0.093,1.0
080729,0.092,0.93
080730,0.225,1.0
080731,,0.0
080801,0.274,1.0
080802,0.212,1.0
080803,0.261,1.0
080804,0.315,1.0
080805,0.348,1.0
080806,0.257,1.0
080807,,0.19
080808,,0.0
080809,0.377,0.57
080810,0.128,0.88
080811,0.096,1.0
080812,0.117,0.99
080813,0.116,1.0
080814,0.098,0.7
080815,,0.04
080816,,0.2
080817,,
080818,0.216,0.57
080819,,0.36
080820,,0.0
080821,0.286,0.66
080822,0.237,0.93
080823,0.427:,0.43
080824,0.328,1.0
080825,0.113,1.0
080826,0.114,1.0
080827,0.102,1.0
080828,0.110,1.0
080829,0.260,1.0
080830,0.244,1.0
080831,0.171:,0.16
080901,0.242,1.0
080902,0.152,1.0
080903,0.102,1.0
080904,0.130,1.0
080905,,0.0
080906,,0.0
080907,0.232:,0.8
080908,,
080909,,0.83
080910,0.098,1.0
080911,,0.0
080912,0.094,1.0
080913,0.105,0.77
080914,,0.16
080915,0.102,0.83
080916,,0.0
080917,,1.0
080918,,
080919,0.114,0.97
080920,,0.94
080921,0.098,1.0
080922,0.103,1.0
080923,0.099,1.0
080924,,0.0
080925,,
080926,,
080927,,
080928,,0.0
080929,,1.0
080930,,1.0
081001,,
081002,,0.0
081003,0.108,1.0
081004,0.104,1.0
081005,,0.25
081006,0.107,1.0
081007,0.091,1.0
081008,0.081,0.97
081009,,0.84
081010,,0.26
081011,,0.97
081012,0.113,1.0
081013,0.107,1.0
081014,0.088,1.0
081015,0.109,1.0
081016,0.097,1.0
081017,0.147:,0.12
081018,0.115,1.0
081019,,0.0
081020,0.095,1.0
081021,0.096,0.94
081022,0.094,1.0
081023,,
081024,0.094,1.0
081025,,0.21
081026,,
081027,0.092,1.0
081028,,
081029,,
081030,,
081031,,
081101,,
081102,,
081103,0.096,0.99
081104,,0.0
081105,,0.0
081106,0.097,1.0
081107,,0.16
081108,0.132,0.61
081109,,0.14
081110,,0.0
081111,0.123:,0.47
081112,0.146:,0.34
081113,0.098,0.78
081114,0.130,0.63
081115,0.096,0.79
081116,0.091,1.0
081117,0.098,1.0
081118,0.119,0.95
081119,0.100,1.0
081120,,
081121,,
081122,,0.19
081123,0.091,1.0
081124,0.100,0.66
081125,,0.0
081126,,
081127,0.114:,0.61
081128,0.193:,0.25
081129,0.093,0.94
081130,,0.09
081201,0.097,0.68
081202,,0.0
081203,0.132,0.95
081204,0.146,1.0
081205,,0.18
081206,0.099:,0.14
081207,0.096,0.83
081208,0.111,0.92
081209,0.122,0.6
081210,0.125:,0.47
081211,0.097:,0.33
081212,,0.69
081213,0.095,1.0
081214,,0.66
081215,,
081216,0.093,1.0
081217,0.095,1.0
081218,0.104,0.97
081219,0.093,0.7
081220,0.098,0.97
081221,0.094,0.78
081222,,0.16
081223,,0.0
081224,,
081225,0.090,1.0
081226,,
081227,,0.0
081228,0.087,0.8
081229,,0.0
081230,,1.0
081231,,
090101,0.088,0.97
090102,0.082,1.0
090103,0.083,1.0
090104,0.084,0.99
090105,,
090106,0.092,1.0
090107,,0.0
090108,,0.6
090109,,
090110,0.086,0.53
090111,,0.0
090112,0.107:,0.42
090113,0.091,1.0
090114,0.097,1.0
090115,,
090116,,
090117,,
090118,,
090119,0.091,0.94
090120,0.085,0.99
090121,0.093,0.58
090122,0.129:,0.33
090123,0.098,1.0
090124,0.083,1.0
090125,0.092,0.68
090126,0.084,0.55
090127,0.084,1.0
090128,0.085,0.95
090129,0.089,0.92
090130,0.092,0.63
090131,0.137,0.54
090201,,0.0
090202,,
090203,,
090204,,
090205,,
090206,,
090207,,
090208,,
090209,,0.0
090210,0.089,0.55
090211,0.092,0.83
090212,0.090,0.54
090213,0.099,1.0
090214,,
090215,,
090216,0.153,1.0
090217,0.127,0.73
090218,,1.0
090219,,
090220,,
090221,,
090222,,
090223,,
090224,,
090225,,
090226,,
090227,,
090228,,
090301,,
090302,,
090303,,
090304,,
090305,,
090306,,
090307,,
090308,,
090309,,
090310,,
090311,,
090312,,
090313,,
090314,,
090315,,
090316,,
090317,,0.0
090318,0.116,0.77
090319,0.104,1.0
090320,0.091,0.93
090321,0.089,1.0
090322,0.088,0.99
090323,0.096,1.0
090324,,
090325,,
090326,,
090327,,
090328,,0.12
090329,0.093,0.99
090330,0.099,1.0
090331,0.117,0.85
090401,0.093,1.0
090402,0.089,1.0
090403,0.098,1.0
090404,0.143,1.0
090405,0.088,1.0
090406,0.105,1.0
090407,,0.0
090408,,0.44
090409,,0.0
090410,0.100,0.55
090411,,0.0
090412,0.124,1.0
090413,0.114,0.53
090414,0.103,1.0
090415,0.111:,0.18
090416,0.103,1.0
090417,,0.0
090418,0.100,0.66
090419,0.101,0.87
090420,0.097,0.91
090421,,0.0
090422,0.091:,0.87
090423,0.091,0.99
090424,,0.15
090425,,0.0
090426,,0.21
090427,0.122,1.0
090428,0.102,1.0
090429,0.097,0.74
090430,,0.0
090501,0.127,1.0
090502,0.106,0.8
090503,0.091,1.0
090504,0.091,1.0
090505,0.084,1.0
090506,0.097,0.95
090507,,0.0
090508,,0.1
090509,0.100,0.54
090510,,0.0
090511,0.098,0.56
090512,0.104,0.77
090513,0.101,0.52
090514,0.100,1.0
090515,,0.34
090516,0.091,0.91
090517,0.093,1.0
090518,0.099,1.0
090519,0.090,1.0
090520,0.111:,0.49
090521,0.087,1.0
090522,0.094,1.0
090523,0.116:,0.39
090524,0.094,0.67
090525,0.092,0.97
090526,0.086,0.74
090527,0.085,0.97
090528,0.082,0.97
090529,0.085,0.97
090530,0.086,1.0
090531,0.084,1.0
090601,0.088,0.72
090602,0.085,1.0
090603,0.087,1.0
090604,0.098,0.65
090605,0.086,0.72
090606,0.093:,0.48
090607,0.097:,0.45
090608,0.075,0.88
090609,0.064,0.95
090610,0.068,0.91
090611,0.127,0.86
090612,0.141:,0.23
090613,0.104,1.0
090614,0.106,1.0
090615,,0.52
090616,,
090617,,0.0
090618,0.092,0.96
090619,0.087,1.0
090620,0.087,1.0
090621,0.091:,0.38
090622,0.126,0.96
090623,0.164,1.0
090624,0.069,1.0
090625,0.079,1.0
090626,0.068,1.0
090627,0.126,1.0
090628,,0.99
090629,0.074,1.0
090630,0.066,1.0
090701,0.070,1.0
090702,0.057,1.0
090703,0.049,1.0
090704,0.075,1.0
090705,,0.25
090706,,0.22
090707,0.146,0.68
090708,0.111,0.57
090709,,0.49
090710,,0.0
090711,,
090712,0.084,1.0
090713,0.080,1.0
090714,0.073,0.92
090715,0.220,1.0
090716,0.305,1.0
090717,,0.5
090718,0.180,1.0
090719,0.197,1.0
090720,0.310:,0.91
090721,0.542,0.91
090722,0.243,1.0
090723,0.438:,0.9
090724,0.306,1.0
090725,0.274,1.0
090726,0.508:,0.96
090727,0.200,1.0
090728,0.216,1.0
090729,0.340,0.73
090730,,0.31
090731,,0.52
090801,0.355:,0.36
090802,0.106,0.96
090803,0.086,1.0
090804,0.084,0.96
090805,,0.19
090806,,0.0
090807,,
090808,0.119,1.0
090809,0.112,1.0
090810,0.106,1.0
090811,0.095,1.0
090812,0.096,0.72
090813,0.093,1.0
090814,0.097,1.0
090815,0.092,1.0
090816,0.124,1.0
090817,0.095,1.0
090818,0.169,1.0
090819,0.342,0.98
090820,0.256,1.0
090821,0.143,1.0
090822,0.092,1.0
090823,,
090824,0.336,0.99
090825,0.164,1.0
090826,0.104,1.0
090827,,
090828,0.103,0.86
090829,0.248:,0.18
090830,,0.0
090831,0.371:,0.45
090901,0.128:,0.49
090902,0.099,0.91
090903,0.108:,0.37
090904,,0.25
090905,0.093,1.0
090906,,0.23
090907,,0.0
090908,0.249,1.0
090909,0.158,1.0
090910,0.128,0.77
090911,,0.0
090912,0.105,1.0
090913,0.104,1.0
090914,,0.23
090915,,0.48
090916,,0.0
090917,,0.0
090918,,0.0
090919,,0.0
090920,,0.0
090921,,1.0
090922,0.260:,0.71
090923,0.107,1.0
090924,0.101,1.0
090925,0.098,0.97
090926,0.093,1.0
090927,,0.89
090928,,
090929,,0.0
090930,,
091001,0.148,0.6
091002,,
091003,,
091004,,
091005,,
091006,,
091007,0.096,1.0
091008,0.100,0.96
091009,0.099,1.0
091010,0.103:,0.38
091011,0.121,0.73
091012,,
091013,,
091014,0.105,1.0
091015,0.121,0.82
091016,0.124,0.99
091017,0.115:,0.49
091018,,
091019,,1.0
091020,,
091021,0.088,1.0
091022,0.095,1.0
091023,0.094,1.0
091024,0.099,1.0
091025,0.099,0.94
091026,0.144:,0.24
091027,0.123:,0.57
091028,,
091029,0.102,1.0
091030,0.107,0.94
091031,0.094,1.0
091101,0.096,0.94
091102,0.105,0.57
091103,,
091104,0.110,0.94
091105,,
091106,0.097,1.0
091107,,
091108,0.106,0.97
091109,,
091110,,
091111,0.088,0.97
091112,0.092,0.93
091113,0.084,0.97
091114,0.085,1.0
091115,,
091116,,
091117,,
091118,,
091119,,
091120,0.097,0.97
091121,0.182:,0.33
091122,,0.0
091123,0.111:,0.42
091124,0.089,1.0
091125,0.119:,0.93
091126,0.130,0.63
091127,0.107,0.97
091128,0.119,0.95
091129,0.093,0.92
091130,,0.63
091201,0.092,0.52
091202,0.093,0.67
091203,0.094,1.0
091204,0.086,1.0
091205,0.092,1.0
091206,0.090,1.0
091207,0.103,0.97
091208,0.090,1.0
091209,,
091210,,0.0
091211,,
091212,,
091213,,
091214,,
091215,,0.8
091216,,
091217,,
091218,,
091219,,
091220,,
091221,,
091222,,
091223,,
091224,,
091225,,0.0
091226,0.102:,0.19
091227,,
091228,,
091229,,
091230,0.079,0.87
091231,0.070,1.0
100101,0.075,0.81
100102,,0.1
100103,0.092,1.0
100104,0.103,1.0
100105,0.114,1.0
100106,,
100107,0.083,1.0
100108,,
100109,,
100110,0.089,1.0
100111,0.095,0.77
100112,0.107:,0.71
100113,,
100114,0.097:,0.46
100115,0.083,1.0
100116,0.086,0.86
100117,0.155,0.82
100118,0.107:,0.46
100119,0.084,1.0
100120,0.083,0.97
100121,0.090,0.54
100122,0.101,0.8
100123,0.082,1.0
100124,0.084,1.0
100125,0.086,1.0
100126,0.078,0.79
100127,,0.07
100128,,0.0
100129,,
100130,,
100131,,
100201,,
100202,,
100203,,
100204,,
100205,0.077,1.0
100206,0.128,0.67
100207,,
100208,0.085,0.93
100209,0.096,0.94
100210,,0.14
100211,,0.0
100212,0.103:,0.49
100213,,0.1
100214,,
100215,,
100216,,
100217,,
100218,,
100219,,
100220,,
100221,,
100222,,
100223,,0.06
100224,0.095,0.89
100225,,0.0
100226,,
100227,,0.0
100228,0.093,0.87
100301,,
100302,,0.85
100303,0.102,0.72
100304,,
100305,,
100306,,0.0
100307,,0.0
100308,0.092,0.61
100309,,0.08
100310,0.087,1.0
100311,0.103,0.56
100312,0.175:,0.45
100313,0.082,1.0
100314,0.112,0.94
100315,,0.15
100316,,0.03
100317,,0.13
100318,0.308:,0.11
100319,,0.21
100320,,
100321,,
100322,,
100323,0.095,0.6
100324,0.107,1.0
100325,0.109,1.0
100326,0.106:,0.43
100327,0.175:,0.33
100328,,0.0
100329,0.109,0.86
100330,0.103,0.87
100331,0.103,0.97
100401,0.170:,0.22
100402,0.432:,0.34
100403,0.221:,0.5
100404,0.102,1.0
100405,0.161:,0.84
100406,0.161:,0.33
100407,,0.04
100408,,0.0
100409,,0.08
100410,0.098,0.94
100411,0.099,1.0
100412,,
100413,,
100414,,
100415,,
100416,,
100417,,
100418,,
100419,,
100420,,
100421,,
100422,,
100423,,
100424,,
100425,,
100426,,
100427,,
100428,0.144:,0.35
100429,,0.11
100430,0.149:,0.74
100501,0.105,0.54
100502,0.092,1.0
100503,,0.0
100504,0.236:,0.37
100505,0.109,0.7
100506,,
100507,,
100508,,
100509,,
100510,,
100511,,
100512,,
100513,,
100514,,
100515,,
100516,,
100517,,
100518,,
100519,,
100520,,
100521,,
100522,,
100523,,
100524,,
100525,,
100526,,
100527,,
100528,,
100529,,
100530,,
100531,,
100601,,
100602,,
100603,,
100604,,
100605,,
100606,,
100607,,
100608,,
100609,,
100610,,
100611,,
100612,,
100613,,
100614,,
100615,,
100616,,
100617,,
100618,,
100619,,
100620,,
100621,,
100622,,
100623,,
100624,,
100625,,
100626,,
100627,,
100628,,
100629,,
100630,,
100701,0.072,1.0
100702,0.069,0.94
100703,0.069,0.96
100704,0.072,0.92
100705,0.102,0.96
100706,0.088,0.92
100707,0.080,0.96
100708,0.428:,0.55
100709,0.862:,0.29
100710,0.291:,0.94
100711,0.226,0.69
100712,0.220,0.95
100713,0.090,1.0
100714,0.074,0.94
100715,0.073,0.94
100716,0.064,1.0
100717,0.089:,1.0
100718,0.379,0.8
100719,,0.0
100720,,0.0
100721,,
100722,,
100723,,
100724,,
100725,,
100726,0.079,0.96
100727,0.082,1.0
100728,,0.17
100729,,
100730,,
100731,,
100801,,
100802,0.287,1.0
100803,0.446,0.84
100804,0.544,0.69
100805,0.341,0.91
100806,0.100,1.0
100807,0.087,0.96
100808,0.082,1.0
100809,0.129,0.73
100810,,0.08
100811,,0.28
100812,0.236,1.0
100813,0.120,0.92
100814,0.255,1.0
100815,0.250:,0.5
100816,0.271:,0.13
100817,0.098:,0.69
100818,0.091,0.97
100819,0.081,1.0
100820,0.086,1.0
100821,0.144,0.68
100822,0.117,0.71
100823,0.093,1.0
100824,0.147,0.65
100825,0.109,1.0
100826,,0.05
100827,,0.08
100828,0.305,0.81
100829,0.181,1.0
100830,0.203,1.0
100831,,
100901,,
100902,,
100903,0.131,1.0
100904,0.168,1.0
100905,,0.21
100906,0.101,0.72
100907,0.104,1.0
100908,0.099,1.0
100909,,
100910,0.095,0.7
100911,0.094,0.65
100912,0.110,0.75
100913,,0.08
100914,,0.0
100915,,
100916,,
100917,,
100918,,
100919,0.097,0.95
100920,0.093,0.92
100921,,0.0
100922,,
100923,,0.0
100924,,0.0
100925,,0.0
100926,,0.0
100927,,0.0
100928,,0.0
100929,0.090,0.9
100930,0.091,1.0
101001,0.091,1.0
101002,,
101003,0.157,0.5
101004,0.094,1.0
101005,0.092,1.0
101006,0.101,0.89
101007,,1.0
101008,0.091,1.0
101009,0.115,1.0
101010,0.105:,0.44
101011,,
101012,,0.16
101013,0.091,0.97
101014,0.087,1.0
101015,0.090,0.99
101016,0.090,1.0
101017,,0.0
101018,0.133,0.65
101019,,0.0
101020,0.156,0.9
101021,0.097,0.99
101022,0.102,0.78
101023,,0.74
101024,0.085,0.97
101025,0.085,1.0
101026,0.095,0.96
101027,0.096,1.0
101028,0.095,1.0
101029,0.097,0.81
101030,0.091,0.89
101031,,
101101,,
101102,,
101103,,
101104,,
101105,,
101106,,
101107,,
101108,0.088,0.81
101109,0.090,1.0
101110,,0.45
101111,,
101112,,
101113,,
101114,,
101115,,
101116,,
101117,,
101118,0.129,0.86
101119,0.231:,0.17
101120,,0.0
101121,,0.0
101122,0.093,0.64
101123,0.089,1.0
101124,,0.48
101125,,
101126,,
101127,,
101128,,
101129,,
101130,,
101201,,
101202,,
101203,,
101204,,
101205,,
101206,,
101207,,
101208,,
101209,,
101210,,
101211,,
101212,,
101213,0.090,0.65
101214,,0.38
101215,,
101216,,
101217,,
101218,,
101219,,
101220,,
101221,,
101222,,
101223,0.091,1.0
101224,,
101225,,
101226,,
101227,,
101228,,
101229,,
101230,,
101231,,
110101,,
110102,,
110103,,
110104,,
110105,,
110106,,
110107,,
110108,,
110109,,
110110,,
110111,,
110112,,
110113,,
110114,,
110115,,
110116,,
110117,,
110118,,
110119,0.088,0.76
110120,,0.34
110121,,
110122,,
110123,,
110124,,
110125,,
110126,,
110127,,
110128,,
110129,,
110130,,
110131,,
110201,,
110202,0.095,1.0
110203,,0.44
110204,,0.0
110205,,
110206,,
110207,0.098,0.64
110208,,0.04
110209,,
110210,,
110211,,
110212,,
110213,,
110214,,
110215,,
110216,0.079,1.0
110217,0.083,1.0
110218,0.084:,0.39
110219,,0.31
110220,,0.02
110221,,
110222,0.087,1.0
110223,0.085,1.0
110224,0.086,1.0
110225,0.086,1.0
110226,0.085,1.0
110227,0.086,0.97
110228,0.086,1.0
110301,0.091,1.0
110302,0.092,1.0
110303,,
110304,,
110305,,1.0
110306,,
110307,,
110308,,
110309,,
110310,,
110311,,
110312,,
110313,,
110314,,
110315,,
110316,,
110317,,
110318,,
110319,,
110320,,
110321,,
110322,,
110323,,
110324,,
110325,0.117,1.0
110326,0.121,1.0
110327,0.104,1.0
110328,0.117,1.0
110329,0.115,1.0
110330,0.111,0.87
110331,0.094,1.0
110401,0.101,0.51
110402,0.094,0.87
110403,0.093,1.0
110404,0.096,0.97
110405,0.099:,0.32
110406,0.094,1.0
110407,0.106,0.71
110408,0.098,1.0
110409,0.104,1.0
110410,0.094,1.0
110411,0.090,1.0
110412,0.090,1.0
110413,0.094,1.0
110414,0.125,0.56
110415,,1.0
110416,,
110417,,
110418,,
110419,,1.0
110420,,
110421,,
110422,,
110423,,
110424,,
110425,,0.29
110426,0.104,0.97
110427,,
110428,,
110429,,
110430,,
110501,,
110502,0.102:,0.36
110503,0.095,1.0
110504,0.092,1.0
110505,,0.0
110506,0.096,1.0
110507,0.102,1.0
110508,0.089,0.88
110509,0.111,0.71
110510,0.105,1.0
110511,0.182,1.0
110512,0.131,1.0
110513,0.100,0.54
110514,0.107,1.0
110515,0.095,0.62
110516,0.104,0.68
110517,0.094,0.62
110518,0.096,0.84
110519,,
110520,,
110521,0.087,1.0
110522,0.087,0.64
110523,,0.03
110524,,0.18
110525,0.095,1.0
110526,0.093,1.0
110527,0.089,1.0
110528,0.085,1.0
110529,0.091:,0.46
110530,0.088,0.59
110531,0.091,0.75
110601,0.085,0.96
110602,0.088,1.0
110603,0.092,1.0
110604,,
110605,,
110606,0.091,0.91
110607,0.086,0.94
110608,,
110609,0.138,0.69
110610,,
110611,,
110612,,
110613,,
110614,,
110615,,
110616,,
110617,,
110618,,
110619,,
110620,,
110621,,
110622,,
110623,,
110624,,
110625,,
110626,,
110627,,
110628,,
110629,,
110630,,
110701,,
110702,,
110703,,
110704,,
110705,,
110706,,
110707,,
110708,,
110709,,
110710,,
110711,,
110712,,
110713,,
110714,,
110715,,
110716,,
110717,,
110718,,
110719,0.081,0.89
110720,0.087,1.0
110721,0.087,1.0
110722,0.089,1.0
110723,0.087,1.0
110724,0.098,1.0
110725,0.096,1.0
110726,,
110727,,
110728,,
110729,,
110730,,
110731,,
110801,,
110802,,
110803,,
110804,,
110805,,
110806,,
110807,,
110808,,
110809,,
110810,,
110811,,
110812,,
110813,,
110814,,
110815,,
110816,,
110817,,
110818,,
110819,,
110820,,
110821,,
110822,,
110823,,
110824,,
110825,,
110826,,
110827,,
110828,,
110829,,
110830,,
110831,,
110901,,
110902,,
110903,,
110904,,
110905,,
110906,,
110907,,
110908,,
110909,,
110910,,
110911,,
110912,,
110913,,
110914,,
110915,,
110916,,
110917,,
110918,,
110919,,
110920,,
110921,,
110922,,
110923,,
110924,,
110925,,
110926,,
110927,,
110928,,
110929,,
110930,,
111001,,
111002,,
111003,,
111004,,
111005,,
111006,,
111007,,
111008,,
111009,,
111010,,
111011,,
111012,,
111013,,
111014,,
111015,,
111016,,
111017,,
111018,,
111019,,0.0
111020,,0.0
111021,,
111022,0.104,1.0
111023,0.086,0.83
111024,0.095,1.0
111025,0.092,1.0
111026,0.093,1.0
111027,0.092,1.0
111028,0.095,1.0
111029,0.142:,0.41
111030,0.101:,0.44
111031,0.097,1.0
111101,0.108,0.65
111102,0.168,0.98
111103,,
111104,,
111105,0.094,1.0
111106,0.102,0.93
111107,0.085:,0.32
111108,0.090:,0.34
111109,,0.0
111110,,0.0
111111,,
111112,,0.16
111113,,1.0
111114,0.088,0.95
111115,0.087,0.8
111116,0.110:,0.48
111117,0.098,1.0
111118,0.160:,0.72
111119,,
111120,0.093,1.0
111121,0.113:,0.4
111122,0.093,0.91
111123,0.100,1.0
111124,0.408:,0.38
111125,0.108:,0.39
111126,0.096,0.88
111127,0.096,1.0
111128,0.095,1.0
111129,0.096,1.0
111130,0.097,1.0
111201,0.129,0.95
111202,0.095,1.0
111203,,0.0
111204,,
111205,0.081,0.95
111206,,0.21
111207,0.103,1.0
111208,,1.0
111209,0.127:,0.41
111210,,0.07
111211,0.104,0.94
111212,0.103,0.91
111213,,1.0
111214,0.095,1.0
111215,0.092,1.0
111216,0.093,0.98
111217,0.090,1.0
111218,0.112,1.0
111219,0.088,1.0
111220,0.090,1.0
111221,0.094,1.0
111222,,
111223,0.091,1.0
111224,0.089,1.0
111225,0.094,1.0
111226,0.094,1.0
111227,0.095,1.0
111228,0.106,0.8
111229,0.095,0.95
111230,0.092,1.0
111231,0.093,1.0
120101,0.091:,0.35
120102,0.130:,0.34
120103,0.125:,0.25
120104,0.098,1.0
120105,0.102,0.59
120106,,0.0
120107,0.116:,0.46
120108,0.098,1.0
120109,0.101,1.0
120110,0.100,1.0
120111,0.140,0.64
120112,0.148:,0.4
120113,0.170:,0.37
120114,0.228:,0.11
120115,0.102,1.0
120116,0.101,1.0
120117,0.106,0.97
120118,0.092,1.0
120119,0.086,0.96
120120,0.092,1.0
120121,0.096,0.97
120122,0.098,0.99
120123,,
120124,0.094,0.98
120125,0.096,0.99
120126,0.089,1.0
120127,,0.05
120128,0.096,1.0
120129,,0.0
120130,0.102,1.0
120131,0.103,1.0
120201,,0.0
120202,0.087,1.0
120203,0.112,0.86
120204,,0.0
120205,,0.0
120206,,0.0
120207,0.091,0.61
120208,0.091,0.96
120209,0.095,1.0
120210,0.110,0.82
120211,,
120212,,0.65
120213,,0.96
120214,,
120215,,
120216,,
120217,,
120218,0.082,1.0
120219,0.090,0.77
120220,0.087,1.0
120221,0.095,0.97
120222,0.097,1.0
120223,0.085,1.0
120224,0.099,0.51
120225,0.085,0.7
120226,0.092,0.97
120227,,0.0
120228,0.091,1.0
120229,0.103,1.0
120301,0.099,0.91
120302,0.108,1.0
120303,,
120304,0.097,1.0
120305,,0.06
120306,0.105,0.75
120307,0.093:,0.45
120308,0.091,0.63
120309,,0.0
120310,,0.05
120311,,0.04
120312,0.098,0.95
120313,0.091,0.95
120314,0.124,0.97
120315,,0.0
120316,,0.0
120317,0.274,1.0
120318,0.223:,1.0
120319,0.118,1.0
120320,0.108,1.0
120321,,0.29
120322,,0.0
120323,0.111,1.0
120324,0.106,0.99
120325,0.100,1.0
120326,0.153,1.0
120327,0.210,1.0
120328,0.105,1.0
120329,0.093,1.0
120330,0.113,0.89
120331,0.122,0.76
120401,,0.78
120402,,
120403,,0.0
120404,,
120405,,
120406,0.113:,0.37
120407,,
120408,0.100,0.68
120409,0.099,0.96
120410,0.103,1.0
120411,,
120412,0.122,0.93
120413,0.100,1.0
120414,,
120415,0.098,1.0
120416,0.093:,0.17
120417,0.100:,0.85
120418,0.112,1.0
120419,0.099,1.0
120420,0.094,1.0
120421,0.096,1.0
120422,0.097,1.0
120423,0.089,1.0
120424,,
120425,0.098,1.0
120426,,0.09
120427,,
120428,,
120429,,0.28
120430,,0.03
120501,0.104,1.0
120502,0.088,0.94
120503,,1.0
120504,0.120:,0.44
120505,0.088,0.9
120506,0.098,0.65
120507,,0.0
120508,0.130:,0.88
120509,0.125:,0.34
120510,,
120511,,0.0
120512,,0.0
120513,,0.0
120514,,0.0
120515,,0.0
120516,0.145:,0.33
120517,,0.0
120518,0.085:,0.28
120519,,0.0
120520,0.142,0.97
120521,0.094,1.0
120522,0.093,1.0
120523,0.136:,0.31
120524,0.084,0.95
120525,0.103,1.0
120526,0.093,1.0
120527,0.098,1.0
120528,0.113,1.0
120529,0.098,1.0
120530,0.095,1.0
120531,0.093,1.0
120601,0.103,1.0
120602,0.101,1.0
120603,0.098,1.0
120604,0.102:,0.17
120605,0.089,0.68
120606,,
120607,,1.0
120608,0.089,1.0
120609,,
120610,0.098,1.0
120611,0.088,1.0
120612,0.086,1.0
120613,,
120614,0.102,1.0
120615,0.109,1.0
120616,0.112,1.0
120617,,
120618,0.104,0.95
120619,0.109,0.95
120620,0.080,1.0
120621,0.086,0.95
120622,0.090,1.0
120623,0.086,1.0
120624,0.210,1.0
120625,0.341,1.0
120626,0.722,0.96
120627,,0.24
120628,,
120629,0.419,0.58
120630,0.244,0.64
120701,0.105,1.0
120702,0.113,0.96
120703,0.110,0.9
120704,0.159,0.73
120705,0.105,1.0
120706,0.092,1.0
120707,0.123,0.96
120708,0.167,0.96
120709,0.280,0.88
120710,0.192,1.0
120711,0.231,1.0
120712,0.147,1.0
120713,0.306,1.0
120714,0.430,1.0
120715,0.429,0.69
120716,0.471,1.0
120717,0.541,0.98
120718,0.212,1.0
120719,0.279,1.0
120720,,0.37
120721,,0.33
120722,,0.0
120723,0.501,0.93
120724,0.405,0.71
120725,0.131,1.0
120726,0.132,1.0
120727,0.132,1.0
120728,0.134,1.0
120729,0.147,1.0
120730,0.298:,0.77
120731,,0.25
120801,,0.0
120802,,0.0
120803,,0.0
120804,,0.0
120805,0.164,1.0
120806,0.122,1.0
120807,0.120,1.0
120808,0.119,1.0
120809,,0.0
120810,0.406,1.0
120811,0.447,1.0
120812,0.396,1.0
120813,0.265,1.0
120814,,
120815,,
120816,0.134,1.0
120817,0.129,1.0
120818,0.129,1.0
120819,0.135:,1.0
120820,0.596,0.95
120821,0.390,0.75
120822,0.385,0.68
120823,,0.0
120824,,0.13
120825,,0.11
120826,0.390,0.96
120827,0.195,1.0
120828,0.217,0.81
120829,0.228,0.75
120830,0.278:,0.49
120831,,
120901,,
120902,,
120903,,
